Ticker;Secteur;Activité;Website;Nom;Cours;VANTPA;Cours/VANNPA;Solvabilité
ACA.PA;Financial Services;Banks - Regional;https://www.credit-agricole.com/;Crédit Agricole S.A.;15,65;722,57;-0,02;0,03
TEP.PA;Industrials;Specialty Business Services;https://www.teleperformance.com/;Teleperformance SE;110,55;89,18;-1,68;0,39
RMS.PA;Consumer Cyclical;Luxury Goods;https://finance.hermes.com/;Hermès International Société en commandite par actions;2282;192,39;27,26;1,55
SAF.PA;Industrials;Aerospace & Defense;https://www.safran-group.com/;Safran SA;210,2;0;-2,26;0
AI.PA;Basic Materials;Specialty Chemicals;https://www.airliquide.com/;L'Air Liquide S.A.;186,18;0;0;0
CA.PA;Consumer Defensive;Grocery Stores;https://www.carrefour.com/;Carrefour SA;16,26;0;0;0
TTE.PA;Energy;Oil & Gas Integrated;https://www.totalenergies.com/;TotalEnergies SE;66,3;0;0;0
OR.PA;Consumer Defensive;Household & Personal Products;https://www.loreal.com/;L'Oreal SA;456,25;0;0;0
AC.PA;Consumer Cyclical;Lodging;https://www.group.accor.com/en;Accor SA;41,45;0;0;0
EN.PA;Industrials;Engineering & Construction;https://www.bouygues.com/;Bouygues SA;36,2;0;0;0
SAN.PA;Healthcare;Drug Manufacturers - General;https://www.sanofi.com/;Sanofi;90,34;42,19;-5,27;0,63
CS.PA;Financial Services;Insurance - Diversified;https://www.axa.com/;AXA SA;33,67;282,48;-0,13;0,07
BN.PA;Consumer Defensive;Packaged Foods;https://www.danone.com/;Danone S.A.;59,72;33,33;-2,5;0,42
RI.PA;Consumer Defensive;Beverages - Wineries & Distilleries;https://www.pernod-ricard.com/;Pernod Ricard SA;149,6;78,71;-4,42;0,44
MC.PA;Consumer Cyclical;Luxury Goods;https://www.lvmh.com/;LVMH Moët Hennessy - Louis Vuitton, Société Européenne;784,1;187,69;-10,51;0,46
HO.PA;Industrials;Aerospace & Defense;https://www.thalesgroup.com/en;Thales S.A.;166,8;139;-3,37;0,2
KER.PA;Consumer Cyclical;Luxury Goods;https://www.kering.com/;Kering SA;337,9;211,67;-3,09;0,41
EL.PA;Healthcare;Medical Instruments & Supplies;https://www.essilorluxottica.com/;EssilorLuxottica Société anonyme;207,4;41,65;-8,04;0,66
SU.PA;Industrials;Specialty Industrial Machinery;https://www.se.com/;Schneider Electric S.E.;235,15;50,76;-11,31;0,49
VIE.PA;Industrials;Waste Management;https://www.veolia.com/fr;Veolia Environnement SA;30,69;73,35;-0,73;0,2
SGO.PA;Industrials;Building Products & Equipment;https://www.saint-gobain.com/;Compagnie de Saint-Gobain S.A.;81,92;79,13;-3,64;0,48
CAP.PA;Technology;Information Technology Services;https://www.capgemini.com/;Capgemini SE;207,5;74,08;-7,93;0,5
DG.PA;Industrials;Engineering & Construction;https://www.vinci.com/;Vinci SA;116,1;112,54;-1,62;0,27
VIV.PA;Communication Services;Entertainment;https://www.vivendi.com/;Vivendi SE;10,015;25;-1,03;0,47
PUB.PA;Communication Services;Advertising Agencies;https://www.publicisgroupe.com/;Publicis Groupe S.A.;106,5;93,52;-4,14;0,3
GLE.PA;Financial Services;Banks - Regional;https://www.societegenerale.com/;Société Générale Société anonyme;27,25;1997,59;-0,01;0,04
BNP.PA;Financial Services;Banks - Regional;https://group.bnpparibas/;BNP Paribas SA;71,76;2389,42;-0,03;0,05
RNO.PA;Consumer Cyclical;Auto Manufacturers;https://www.renaultgroup.com/;Renault SA;49,64;403,8;-2,91;0,29
ORA.PA;Communication Services;Telecom Services;https://www.orange.com/;Orange S.A.;10,725;26,76;-0,57;0,31
ENGI.PA;Utilities;Utilities - Diversified;https://www.engie.com/;Engie SA;15,775;71,33;-0,46;0,17
LR.PA;Industrials;Electrical Equipment & Parts;https://www.legrandgroup.com/;Legrand SA;104,25;26,94;-10,22;0,56
EDEN.PA;Financial Services;Credit Services;https://www.edenred.com/;Edenred SE;48,04;37,44;-2,39;0,07
URW.PA;Real Estate;REIT - Retail;https://www.urw.com/;Unibail-Rodamco-Westfield SE;79,42;373;-0,43;0,36
ERF.PA;Healthcare;Diagnostics & Research;https://www.eurofins.com/;Eurofins Scientific SE;59,58;28,87;-4,26;0,53
DSY.PA;Technology;Software - Application;https://www.3ds.com/;Dassault Systèmes SE;38,02;11,48;-77,59;0,75
ML.PA;;;;;36,97;0;0;0,55
MT.PA;;;;ArcelorMittal SA;0;0;0;0
STMPA.PA;Technology;Semiconductors;https://www.st.com/;STMicroelectronics N.V.;39,255;27,02;8,57;0,91
AIR.PA;Industrials;Aerospace & Defense;https://www.airbus.com/;Airbus SE;159,6;133,64;-3,38;0,17
STLAP.PA;Consumer Cyclical;Auto Manufacturers;https://www.stellantis.com/;Stellantis N.V.;21,105;50,51;-2,21;0,53
SOLB.PA;;;https://finance.yahoo.com/sector/energy;;0;0;0;0
XFAB.PA;Technology;Semiconductors;https://www.xfab.com/;X-FAB Silicon Foundries SE;6,94;13,13;10,68;0,72
VIRP.PA;Healthcare;Drug Manufacturers - General;https://corporate.virbac.com/;Virbac SA;366,5;133,43;10,6;0,75
VCT.PA;Basic Materials;Building Materials;https://www.vicat.fr/;Vicat S.A.;36,55;112,78;-1,03;0,47
ICAD.PA;Real Estate;REIT - Diversified;https://www.icade.fr/;Icade;28,32;152,67;-1,13;0,51
BEN.PA;Consumer Cyclical;Recreational Vehicles;https://www.beneteau-group.com/;Bénéteau S.A.;14,16;23,32;3,1;0,44
BOL.PA;Communication Services;Entertainment;https://www.bollore.com/;Bolloré SE;6,165;16,58;-2,13;0,4
MRN.PA;Industrials;Electrical Equipment & Parts;https://www.mersen.com/;Mersen S.A.;39,5;50,73;-6,98;0,54
NEX.PA;Industrials;Electrical Equipment & Parts;https://www.nexans.com/;Nexans S.A.;110,6;138,7;-4,67;0,31
SOP.PA;Technology;Information Technology Services;https://www.soprasteria.com/;Sopra Steria Group SA;221,8;156,6;-2,19;0,32
MAU.PA;Energy;Oil & Gas E&P;https://www.maureletprom.fr/;Etablissements Maurel & Prom S.A.;6,39;8,49;-3,15;0,62
ATO.PA;Technology;Information Technology Services;https://www.atos.net/;Atos SE;2,127;84,44;-0,05;0,24
MMT.PA;Communication Services;Broadcasting;https://www.groupem6.fr/;Métropole Télévision S.A.;13,24;11,31;3,63;0,81
DBG.PA;Industrials;Waste Management;https://www.derichebourg.com/;Derichebourg SA;4,912;14,48;-0,93;0,41
UBI.PA;Communication Services;Electronic Gaming & Multimedia;https://www.ubisoft.com/;Ubisoft Entertainment SA;20,03;20,99;-2,08;0,46
TFI.PA;Communication Services;Broadcasting;https://www.groupe-tf1.fr/;TF1 SA;8,72;12,85;2,95;0,66
COV.PA;Real Estate;REIT - Diversified;https://covivio.eu/en/;Covivio;49,84;239,21;-0,48;0,33
LSS.PA;Technology;Software - Application;https://www.lectra.com/;Lectra SA;34,15;10,27;-4,38;0,37
ATE.PA;Technology;Information Technology Services;https://www.alten.com/;Alten S.A.;125,3;65,38;8,04;0,66
IPS.PA;Industrials;Consulting Services;https://www.ipsos.com/;Ipsos SA;66,2;29,96;-2,15;0,51
DEC.PA;Communication Services;Advertising Agencies;https://www.jcdecaux.com/;JCDecaux SE;21,32;32,33;-1,01;0,26
NK.PA;Basic Materials;Building Materials;https://www.imerys.com/;Imerys S.A.;35,62;58,98;-2,29;0,53
BB.PA;Consumer Defensive;Household & Personal Products;https://fr.bic.com/fr;Société BIC SA;66,7;55,42;4,17;0,77
RF.PA;Financial Services;Asset Management;https://www.eurazeo.com/en/;Eurazeo SE;81,8;129,83;-6,24;0,84
FRVIA.PA;Consumer Cyclical;Auto Parts;https://www.forvia.com/;Forvia SE;16,27;106,76;-0,3;0,17
MF.PA;Financial Services;Asset Management;https://www.wendelgroup.com/en/;Wendel SE;95,5;216,25;-1,38;0,21
SW.PA;Industrials;Specialty Business Services;https://www.sodexo.com/;Sodexo S.A.;83,35;65,2;-2,42;0,31
SK.PA;Consumer Cyclical;Furnishings, Fixtures & Appliances;https://www.groupeseb.com/;SEB SA;115,3;111,13;-4,15;0,41
LI.PA;Real Estate;REIT - Retail;https://www.klepierre.com/;Klépierre SA;25,46;68,65;-0,79;0,41
POM.PA;Consumer Cyclical;Auto Parts;https://www.opmobility.com/;OPmobility;11,94;38,42;-0,68;0,28
RCO.PA;Consumer Defensive;Beverages - Wineries & Distilleries;https://www.remy-cointreau.com/;Rémy Cointreau SA;93,5;59,64;6,31;0,54
FGR.PA;Industrials;Engineering & Construction;https://www.eiffage.com/;Eiffage SA;107,3;236,45;-0,66;0,2
ERA.PA;Basic Materials;Other Industrial Metals & Mining;https://www.eramet.com/en;ERAMET S.A.;101,8;207,61;-2,23;0,34
ITP.PA;Consumer Defensive;Household & Personal Products;https://www.interparfums.fr/;Interparfums SA;48,4;0;0;0
VLA.PA;Healthcare;Biotechnology;https://valneva.com/;Valneva SE;4,132;0;0;0
AMUN.PA;Financial Services;Asset Management;https://legroupe.amundi.com/;Amundi S.A.;71,9;142,18;-0,78;0,32
TRI.PA;Consumer Cyclical;Recreational Vehicles;https://www.trigano.fr/;Trigano Société Anonyme;144,2;107,69;4,13;0,74
BVI.PA;Industrials;Consulting Services;https://group.bureauveritas.com/;Bureau Veritas SA;27,9;9,24;-8,25;0,35
GFC.PA;Real Estate;REIT - Office;https://www.gecina.fr/;Gecina;102,2;236,37;-1,15;0,6
NXI.PA;Real Estate;Real Estate—Diversified;https://www.nexity.fr/;Nexity SA;12,16;130,61;-1,79;0,24
ALO.PA;Industrials;Railroads;https://www.alstom.com/;Alstom SA;18,315;56,97;-0,94;0,27
ETL.PA;Technology;Communication Equipment;https://www.eutelsat.com/;Eutelsat Communications Société Anonyme;4,176;14,83;-0,62;0,51
MERY.PA;Real Estate;REIT—Retail;https://www.mercialys.com/;Mercialys SA;11,07;22,96;-0,94;0,33
IPN.PA;Healthcare;Drug Manufacturers—Specialty & Generic;https://www.ipsen.com/;Ipsen S.A.;122,2;36,03;-16,83;0,66
VU.PA;Technology;Software—Application;https://www.vusion.com/;VusionGroup;160,2;47,5;-25,55;0,33
AKE.PA;Basic Materials;Specialty Chemicals;https://www.arkema.com/;Arkema S.A.;98,2;129,25;-4,32;0,61
ADP.PA;Industrials;Airports & Air Services;https://www.parisaeroport.fr/;Aeroports de Paris SA;127,2;170,21;-1,22;0,25
SCR.PA;Financial Services;Insurance—Reinsurance;https://www.scor.com/;SCOR SE;31,6;198,24;-0,18;0,13
RXL.PA;Technology;Electronics & Computer Distribution;https://www.rexel.com/;Rexel S.A.;27,96;28,39;-5,94;0,43
ARG.PA;Real Estate;REIT—Industrial;https://www.argan.fr/;Argan SA;78,9;158,15;-1;0,47
GET.PA;Industrials;Railroads;https://www.getlinkgroup.com/;Getlink SE;16,715;16,34;-1,9;0,33
COFA.PA;Financial Services;Insurance—Reinsurance;https://www.coface.com/;COFACE SA;15,35;53,36;-0,39;0,27
CARM.PA;Real Estate;REIT—Retail;https://www.carmila.com/;Carmila S.A.;16,46;47,3;-0,98;0,56
IDL.PA;Industrials;Specialty Business Services;https://www.id-logistics.com/;ID Logistics Group SA;381;323,91;-1,86;0,18
NEOEN.PA;Utilities;Utilities—Renewable;https://www.neoen.com/;Neoen S.A.;30,48;44,45;-1,27;0,4
GTT.PA;Energy;Oil & Gas Equipment & Services;https://www.gtt.fr/;Gaztransport & Technigaz SA;134,5;15,64;20,85;0,96
ELIOR.PA;Consumer Cyclical;Restaurants;https://www.eliorgroup.com/;Elior;3,894;7,37;-0,55;0,22
WLN.PA;Technology;Software—Infrastructure;https://www.worldline.com/;Worldline S.A.;11,7;36,26;-1,01;0,43
ELIS.PA;Industrials;Specialty Business Services;https://www.fr.elis.com/en;Elis SA;22,18;19,62;-1,29;0,4
SPIE.PA;Industrials;Engineering & Construction;https://www.spie.com/;SPIE SA;35,96;27,66;-1,75;0,25
DIM.PA;Healthcare;Medical Instruments & Supplies;https://www.sartorius.com/;Sartorius Stedim Biotech S.A.;196,9;32,39;-5,25;0,35
FR.PA;Consumer Cyclical;Auto Parts;https://www.valeo.com/;Valeo SE;13,11;59,59;-0,4;0,19
CGG.PA;Energy;Oil & Gas Equipment & Services;https://www.cgg.com/;CGG;0,5466;1,74;-0,44;0,39
SOI.PA;Technology;Semiconductor Equipment & Materials;https://www.soitec.com/;Soitec SA;110,5;64,34;16,04;0,79
ALD.PA;Industrials;Rental & Leasing Services;https://www.ayvens.com/;ALD S.A.;7,255;82,8;-0,14;0,17
RUI.PA;Energy;Oil & Gas Refining & Marketing;https://www.rubis.fr/;Rubis;32,06;42,92;-2,2;0,46
BIM.PA;Healthcare;Diagnostics & Research;https://www.biomerieux.com/;bioMérieux S.A.;96,3;34,12;16,29;0,76
S30.PA;Technology;Information Technology Services;https://www.solutions30.com/;Solutions 30 SE;2,304;5,19;-1,42;0,18
VRLA.PA;Consumer Cyclical;Packaging & Containers;https://www.verallia.com/;Verallia Société Anonyme;37,24;28,71;-2,14;0,23
FDJ.PA;Consumer Cyclical;Gambling;https://www.groupefdj.com/;La Française des Jeux Société anonyme;34,08;14,29;-6,35;0,36
VK.PA;Basic Materials;Steel;https://www.vallourec.com/;Vallourec S.A.;16,58;24,54;-11,51;0,43
AM.PA;Industrials;Aerospace & Defense;https://www.dassault-aviation.com/;Dassault Aviation société anonyme;210;297,04;16,64;0,36
EAPI.PA;Healthcare;Drug Manufacturers—Specialty & Generic;https://www.euroapi.com/en;Euroapi S.A.;3,13;19,25;0,79;0,66
AF.PA;Industrials;Airlines;https://www.airfranceklm.com/;Air France-KLM SA;10,85;127,11;-0,12;0,09
ORP.PA;Healthcare;Medical Care Facilities;https://www.orpea-corp.com/;Orpea SA;13,782;69,18;-0,23;0,14
SESG.PA;Communication Services;Broadcasting;https://www.ses.com/;SES S.A.;4,992;17,06;-1,07;0,51
APAM.PA;;;https://finance.yahoo.com/sector/energy;;0;0;0;0
ENX.PA;Financial Services;Financial Data & Stock Exchanges;https://www.euronext.com/;Euronext N.V.;89,2;0;0;0
TE.PA;Energy;Oil & Gas Equipment & Services;https://www.technipenergies.com/;Technip Energies N.V.;23,14;36,61;-4,14;0,36
PLX.PA;Industrials;Specialty Business Services;https://www.pluxeegroup.com/;Pluxee N.V.;31,675;42,01;-0,75;0
SYENS.PA;;;;;0;0;0;0
GBT.PA;Healthcare;Medical Devices;https://www.guerbet.com/;Guerbet SA;36,7;73,72;-7,07;0,41
TOUP.PA;Industrials;Rental & Leasing Services;https://www.touax.com/;Touax SCA;4,9;79,8;-0,13;0,14
ALTA.PA;Real Estate;REIT—Residential;https://www.altarea.com/;Altarea SCA;100,8;406,89;-1,51;0,26
JCQ.PA;Basic Materials;Steel;https://www.jacquetmetals.com/;Jacquet Metals SA;19,16;74,75;1,9;0,48
BLC.PA;Healthcare;Medical Distribution;https://www.bastideleconfortmedical.com/;Bastide Le Confort Médical SA;21,7;57,97;-0,43;0,14
MTU.PA;Industrials;Farm & Heavy Construction Machinery;https://www.manitou.com/;Manitou BF SA;27,3;54,11;2,45;0,42
SCHP.PA;Industrials;Waste Management;https://www.groupe-seche.com/;Séché Environnement SA;102;127,51;-1,25;0,24
FII.PA;Industrials;Aerospace & Defense;https://www.lisi-group.com/;Lisi S.A.;27,45;34,24;-4,18;0,47
AKW.PA;Consumer Cyclical;Auto Parts;https://akwel-automotive.com/;Akwel SA;13,42;31,91;1,28;0,83
CDA.PA;Consumer Cyclical;Leisure;https://www.compagniedesalpes.com/;Compagnie des Alpes SA;14,48;42,36;-0,6;0,42
CGM.PA;Healthcare;Health Information Services;https://www.cegedim.com/;Cegedim SA;14,2;39,04;-0,64;0,31
HCO.PA;Communication Services;Advertising Agencies;https://www.highco.com/;High Co. SA;3,25;6,6;36,11;0,65
BOI.PA;Healthcare;Drug Manufacturers—Specialty & Generic;https://www.boiron.fr/;Boiron SA;34,5;27,1;6,85;0,76
EXA.PA;Industrials;Aerospace & Defense;https://www.exail-technologies.com/;Exail Technologies;21,75;23,07;-1,22;0,17
DKUPL.PA;Communication Services;Advertising Agencies;https://www.dekuple.com/en;ADLPartner SA;37;38,64;-7,12;0,25
BON.PA;Consumer Defensive;Packaged Foods;https://www.bonduelle.com/;Bonduelle SCA;7,92;48,54;-1,18;0,39
PEUG.PA;Financial Services;Asset Management;https://www.peugeot-invest.com/;Peugeot Invest Société anonyme;111,6;357,72;-1,43;0,66
GRVO.PA;Basic Materials;Agricultural Inputs;https://www.graines-voltz.com/;Graines Voltz;27,6;88,41;1,38;0,5
LACR.PA;Technology;Scientific & Technical Instruments;https://www.lacroix-group.com/;LACROIX Group SA;25,8;105,46;-2,86;0,32
GLO.PA;Industrials;Specialty Business Services;https://www.gl-events.com/;GL Events;20,3;74,25;-0,41;0,18
GUI.PA;Technology;Computer Hardware;https://www.guillemot.com/;Guillemot Corporation S.A.;6,6;9,34;1,55;0,8
PIG.PA;Industrials;Farm & Heavy Construction Machinery;https://www.haulotte.com/;Haulotte Group SA;2,54;20,45;-4,1;0,31
VAC.PA;Consumer Cyclical;Lodging;https://www.groupepvcp.com/;Pierre & Vacances SA;1,476;7,73;-0,21;0,14
BIG.PA;Technology;Consumer Electronics;https://www.bigben-group.com/;BigBen Interactive;2,845;14,52;-0,45;0,34
SII.PA;;;https://finance.yahoo.com/sector/technology;;0;0;0;0
ASY.PA;Industrials;Engineering & Construction;https://www.assystem.com/;Assystem S.A.;57,4;43,71;-8,05;0,54
PRC.PA;Communication Services;Publishing;https://www.artprice.com/;Artmarket.com;4,44;4,59;11,1;0,78
ORAP.PA;Basic Materials;Specialty Chemicals;https://www.orapi.com/;Orapi SA;6,32;23,72;-0,8;0,24
EOS.PA;Technology;Software—Application;https://www.acteos.com/;Acteos SA;1,36;3,51;-0,91;0,04
QDT.PA;Technology;Software—Application;https://www.quadient.com/;Quadient S.A.;19,54;39,15;-0,91;0,44
ES.PA;Energy;Oil & Gas Refining & Marketing;https://corporate.esso.fr/;Esso S.A.F.;177,8;366,75;1,41;0,63
CO.PA;Consumer Defensive;Grocery Stores;https://www.groupe-casino.fr/;Casino, Guichard-Perrachon S.A.;0,0389;0,38;-0,19;0,14
CRI.PA;Consumer Cyclical;Textile Manufacturing;https://www.chargeurs.com/;Chargeurs SA;13,2;24,41;-1,36;0,33
KOF.PA;Consumer Cyclical;Residential Construction;https://www.kaufmanbroad.fr/;Kaufman & Broad S.A.;31,3;76,88;-26,98;0,18
MEDCL.PA;Healthcare;Biotechnology;https://www.medincell.com/;MedinCell S.A.;13,54;1,67;-10,66;1,09
GNFT.PA;Healthcare;Biotechnology;https://www.genfit.com/;Genfit S.A.;3,45;2,51;24,64;0,71
LNA.PA;Healthcare;Medical Care Facilities;https://www.lna-sante.com/;LNA Santé SA;20,9;92,48;-0,25;0,21
METEX.PA;Basic Materials;Chemicals;https://www.metabolic-explorer.com/;METabolic EXplorer S.A.;0,1214;4,81;-0,39;0,45
CAFO.PA;Consumer Cyclical;Specialty Retail;https://www.cafom.com/;Centrale d'Achat Française pour l'Outre-Mer Société Anonyme;9,44;39,66;-0,85;0,35
CATG.PA;Consumer Cyclical;Recreational Vehicles;https://www.catanagroup.com/;SA Catana Group;5,48;6,86;3,73;0,49
VMX.PA;Technology;Software—Infrastructure;https://www.verimatrix.com/;Verimatrix SA;0,449;0,75;-2,81;0,72
MEMS.PA;Technology;Semiconductor Equipment & Materials;https://www.memscap.com/;MEMSCAP, S.A.;7,81;2,43;19,05;0,82
IPH.PA;Healthcare;Biotechnology;https://www.innate-pharma.com/;Innate Pharma S.A.;2,345;2,27;12,34;0,57
CLARI.PA;Healthcare;Medical Care Facilities;https://www.clariane.com/;Clariane SE;3,3;89,65;-0,04;0,25
DBV.PA;Healthcare;Biotechnology;https://www.dbv-technologies.com/;DBV Technologies S.A.;1,362;1,52;1,53;2,52
EFG.PA;Consumer Cyclical;Leisure;https://finance.eaglefootballgroup.com/;Eagle Football Group Société anonyme;2,15;4,46;-0,62;0,02
AB.PA;Healthcare;Drug Manufacturers—Specialty & Generic;https://www.ab-science.com/;AB Science S.A.;2,18;0,67;-4,95;1,04
OREGE.PA;Industrials;Waste Management;https://www.orege.com/;Orege Société Anonyme;0,33;0,17;-0,38;4,86
ALMKT.PA;Healthcare;Medical Devices;https://www.maunakeatech.com/;Mauna Kea Technologies SA;0,408;0,34;-0,97;1,15
ADOC.PA;Healthcare;Biotechnology;https://www.adocia.com/;Adocia SA;9,62;1,75;-11,73;0,58
ALGAE.PA;Healthcare;Biotechnology;https://www.fermentalg.com/;FERMENTALG;0,606;0,66;15,15;0,79
MHM.PA;Consumer Cyclical;Travel Services;https://myhotelmatch.com/;MyHotelMatch S.A.;1,05;0;0;0
NANO.PA;Healthcare;Biotechnology;https://www.nanobiotix.com/;Nanobiotix S.A.;6,835;1,99;-37,97;0,1
EKI.PA;Technology;Communication Equipment;https://www.ekinops.com/;EKINOPS S.A.;3,85;5,79;2,38;0,78
FNAC.PA;Consumer Cyclical;Specialty Retail;https://www.fnacdarty.com/;Fnac Darty SA;32,7;177,3;-0,36;0,26
MCPHY.PA;Industrials;Specialty Industrial Machinery;https://mcphy.com/;McPhy Energy S.A.;3,13;5,79;2,43;0,87
GV.PA;;;https://finance.yahoo.com/sector/basic_materials;;0;0;0;0
SEFER.PA;Industrials;Building Products & Equipment;https://www.sergeferrari.com/;SergeFerrari Group SA;7,33;26,52;-2,05;0,35
VLTSA.PA;Utilities;Utilities—Renewable;https://www.voltalia.com/;Voltalia SA;8,96;25,31;-0,75;0,37
OSE.PA;Healthcare;Biotechnology;https://www.ose-immuno.com/;OSE Immunotherapeutics SA;7,44;1,64;-5,64;0,36
ABVX.PA;Healthcare;Biotechnology;https://www.abivax.com/;ABIVAX Société Anonyme;13;4,8;5,28;2,97
POXEL.PA;Healthcare;Biotechnology;https://www.poxelpharma.com/;Poxel S.A.;0,667;0;0;0
PWG.PA;Technology;Computer Hardware;https://www.prodways-group.com/;Prodways Group SA;0,76;1,17;-5,07;0,6
ABNX.PA;Healthcare;Biotechnology;https://abionyx.com/;ABIONYX Pharma SA;1,152;0,29;0;0,74
NHOA.PA;Industrials;Specialty Industrial Machinery;https://nhoa.energy/;NHOA S.A.;0,586;1,93;1,78;0,88
ADUX.PA;Communication Services;Advertising Agencies;https://www.adux.com/;AdUX SA;1,38;5,01;-1,84;0,04
SRP.PA;Consumer Cyclical;Internet Retail;https://www.showroomprivegroup.com/;SRP Groupe S.A.;0,974;2,18;-9,74;0,56
FDE.PA;Energy;Oil & Gas E&P;https://www.francaisedelenergie.fr/;La Française de l'Energie S.A.;37,25;31,09;-5,76;0,64
MDM.PA;Consumer Cyclical;Home Improvement Retail;https://corporate.maisonsdumonde.com/;Maisons du Monde S.A.;4,93;31,45;-0,24;0,35
SIGHT.PA;Healthcare;Biotechnology;https://www.gensight-biologics.com/;GenSight Biologics S.A.;0,403;0,09;-1,22;4,38
SMCP.PA;Consumer Cyclical;Apparel Retail;https://www.smcp.com/;SMCP S.A.;2,44;12,49;-0,27;0,52
IVA.PA;Healthcare;Biotechnology;https://www.inventivapharma.com/;Inventiva S.A.;3,425;1,32;-3,36;0,75
PVL.PA;Consumer Cyclical;Auto Parts;https://groupe-plastivaloire.com/;Plastiques du Val de Loire;2,85;32,99;-0,52;0,31
BALYO.PA;Industrials;Specialty Industrial Machinery;https://www.balyo.com/;Balyo SA;0,601;0,83;-2;0,17
WAVE.PA;Technology;Information Technology Services;https://www.wavestone.com/;Wavestone SA;61,2;11,3;35,79;0,67
CLA.PA;Technology;Software—Application;https://www.claranova.com/;Claranova SE;2,35;3,09;-0,9;0,01
NACON.PA;Communication Services;Electronic Gaming & Multimedia;https://www.nacongaming.com/;Nacon S.A.;1,138;1,51;-0,93;0,55
VANTI.PA;Communication Services;Entertainment;https://www.vantiva.com/;Vantiva S.A.;0,1354;2,21;-0,08;0,05
LOCAL.PA;Communication Services;Advertising Agencies;https://www.solocal.com/;Solocal Group S.A.;0,0656;1,38;-0,02;1,07
BLV.PA;Communication Services;Entertainment;https://www.believe.com/;Believe S.A.;15;8,12;-11,36;0,44
ARAMI.PA;Consumer Cyclical;Auto & Truck Dealerships;https://www.aramis.group/;Aramis Group SAS;3,715;5,9;-3,54;0,32
ANTIN.PA;Financial Services;Asset Management;https://www.antin-ip.com/;Antin Infrastructure Partners SAS;13,38;3,45;6,72;2,57
EXN.PA;Technology;Software—Infrastructure;https://www.exclusive-networks.com/;Exclusive Networks SA;20,35;23,04;-3,8;0,31
OVH.PA;Technology;Software—Infrastructure;https://www.ovhcloud.com/;OVH Groupe S.A.;6,49;6,9;-1,14;0,24
LHYFE.PA;Basic Materials;Specialty Chemicals;https://www.lhyfe.com/;Lhyfe SA;4,26;3,65;2,88;2,17
TCHCS.PA;;;;;0;0;0;0
AVT.PA;Technology;Communication Equipment;https://corporate.avenir-telecom.com/;Avenir Telecom S.A.;0,14;0,55;0,67;1,41
LAT.PA;Industrials;Aerospace & Defense;https://www.latecoere.aero/;Latécoère S.A.;0,0129;0,04;-0,43;0,03
PHXM.PA;Healthcare;Biotechnology;https://www.phaxiam.com/;PHAXIAM Therapeutics S.A.;3,045;5,75;9,23;0,91
SLB.PA;Energy;Oil & Gas Equipment & Services;https://www.slb.com/;Schlumberger Limited;43,8;0;0;0
NOKIA.PA;Technology;Communication Equipment;https://www.nokia.com/;Nokia Oyj;3,5635;0;0;0
FLY.PA;Real Estate;REIT—Office;https://www.fonciere-lyonnaise.com/;Societe Fonciere Lyonnaise;68,2;0;0;0
RBT.PA;Basic Materials;Chemicals;https://www.robertet.com/;Robertet SA;891;0;0;0
AREIT.PA;Real Estate;Real Estate—Development;https://www.altareit.com/;Altareit SCA;478;1950,4;12,04;0,24
GDS.PA;Healthcare;Medical Care Facilities;https://www.ramsaygds.fr/;Ramsay Générale de Santé SA;12,8;41,29;-0,33;0,19
CBE.PA;Basic Materials;Chemicals;https://www.robertet.com/;Robertet SA;835;0;0;0,62
CBR.PA;;;;;188;0;0;0,62
UNBL.PA;Consumer Defensive;Packaged Foods;https://unibel.fr/;Unibel S.A.;940;0;0;0
COVH.PA;Real Estate;REIT—Hotel & Motel;https://www.covivio-hotels.fr/;Covivio Hotels;15,25;0;0;0
BUR.PA;Consumer Cyclical;Auto Parts;https://www.burelle.fr/;Burelle SA;430;0;-0,13;0
ODET.PA;Industrials;Conglomerates;https://www.compagniedelodet.net/;Compagnie de l'Odet;1498;0;0;0
STF.PA;Industrials;Integrated Freight & Logistics;https://www.stef.com/;STEF SA;127,4;253,34;-1,35;0,35
ARTO.PA;Technology;Computer Hardware;https://sif-artois.fr/;Société Industrielle et Financière de l'Artois Société anonyme;4920;0;0;1,44
FMONC.PA;Financial Services;Asset Management;https://www.financiere-moncey.com/;Financière Moncey Société anonyme;7500;0;0;0,99
CBDG.PA;Financial Services;Asset Management;https://www.compagnie-du-cambodge.com/fr-fr;Compagnie du Cambodge;6800;0;0;1,22
RE.PA;;;https://finance.yahoo.com/sector/consumer_defensive;;0;0;0;0
MMB.PA;Consumer Cyclical;Travel Services;https://www.lagardere.com/;Lagardere SA;21,55;46,37;-0,58;0,09
CDI.PA;Consumer Cyclical;Luxury Goods;https://www.dior-finance.com/;Christian Dior SE;738;517,38;-3,63;0,17
BASS.PA;Real Estate;Real Estate—Development;https://www.bassac.fr/;BASSAC Société anonyme;49,1;126,39;2,08;0,42
VETO.PA;Healthcare;Drug Manufacturers—Specialty & Generic;https://www.vetoquinol.com/;Vetoquinol SA;99,1;39,15;5,91;0,97
TKTT.PA;Industrials;Building Products & Equipment;https://www.tarkett.com/;Tarkett S.A.;9,26;26,99;-1,15;0,38
EQS.PA;Healthcare;Health Information Services;https://equasens.com/;Equasens Société anonyme;59,5;14,17;-23,24;0,64
LOUP.PA;Consumer Defensive;Packaged Foods;https://www.ldc.fr/;L.D.C. S.A.;149;199,02;5,12;0,58
TKO.PA;Financial Services;Asset Management;https://www.tikehaucapital.com/;Tikehau Capital;21,45;25,31;-2,91;0,69
DEEZR.PA;Communication Services;Entertainment;https://www.deezer.com/;Deezer S.A.;1,97;1,54;-0,92;1,73
PLNW.PA;Technology;Software—Application;https://planisware.com/;PLANISWARE;23,18;3,17;14,67;1,67
IAM.PA;Communication Services;Telecom Services;https://www.iam.ma/;Itissalat Al-Maghrib (IAM) S.A.;8;55,76;-0,23;0,27
BAIN.PA;Consumer Cyclical;Resorts & Casinos;https://www.montecarlosbm.com/;Société Anonyme des Bains de Mer et du Cercle des Étrangers à Monaco;107;87,14;-122,99;0,93
CNV.PA;Consumer Cyclical;Internet Retail;https://www.cnova.com/;Cnova N.V.;1,695;1,34;-0,66;0,8
CATR.PA;Industrials;Farm & Heavy Construction Machinery;https://www.caterpillar.com/;Caterpillar Inc.;326;159,39;-7,11;0,22
COTY.PA;Consumer Defensive;Household & Personal Products;https://www.coty.com/;Coty Inc.;9,92;5,44;-1,45;0,34
GNE.PA;Industrials;Aerospace & Defense;https://www.geaerospace.com/;General Electric Company;151,5;133,11;-2,25;0,21
MRK.PA;;;;;101,4;0;0;0,4
MALT.PA;Consumer Defensive;Beverages—Brewers;https://www.malteriesfrancobelges.fr/;Malteries Franco-Belges Société Anonyme;640;0;0;1,16
GALIM.PA;Real Estate;Real Estate Services;https://www.galimmo-sca.com/;Galimmo SCA;14,4;26,16;-1,66;0,61
ELEC.PA;Utilities;Utilities—Renewable;https://www.es.fr/;Électricite de Strasbourg Société Anonyme;121,5;0;0;0
SDG.PA;Industrials;Staffing & Employment Services;https://www.synergie.com/;Synergie SA;36,5;0;0;0
IMDA.PA;Real Estate;REIT—Diversified;https://www.immobiliere-dassault.com/;Immobiliere Dassault SA;49,4;0;0;0
GAM.PA;Communication Services;Entertainment;https://www.gaumont.fr/;Gaumont SA;97;98,73;10,07;0,66
FNTS.PA;Consumer Defensive;Food Distribution;https://www.finatis.fr/;Finatis Société Anonyme;1,37;3280,5;0;0,12
CEN.PA;Industrials;Staffing & Employment Services;https://www.groupe-crit.com/;Groupe CRIT SA;74,4;117,93;2,26;0,79
EIFF.PA;Real Estate;REIT—Office;https://www.societetoureiffel.com/;Société de la Tour Eiffel;10,65;94,84;-0,22;0,43
LBIRD.PA;Healthcare;Diagnostics & Research;https://www.lumibird.com/;Lumibird SA;12,8;11,34;-91,43;0,68
CIV.PA;Financial Services;Banks—Regional;https://www.credit-agricole.fr/ca-illeetvilaine;Caisse régionale de Crédit Agricole Mutuel d'Ille-et-Vilaine Société coopérative;65,54;8876,57;-0,01;0,11
CAF.PA;Financial Services;Banks—Regional;https://ca-paris.com/;Caisse Régionale de Crédit Agricole Mutuel de Paris et d'Ile-de-France;67;9137,18;-0,01;0,1
VIL.PA;Financial Services;Capital Markets;https://www.viel.com/;VIEL & Cie, société anonyme;10,75;39,35;6,55;0,23
IDIP.PA;Financial Services;Asset Management;https://www.idi.fr/en;IDI;76,6;121,4;-4,13;0,85
SBT.PA;Consumer Defensive;Beverages—Wineries & Distilleries;https://oeneo.com/;Oeneo Société Anonyme;12;6,63;7,55;0,66
PCA.PA;;;https://finance.yahoo.com/sector/financial_services;;0;0;0;0
LTA.PA;;;;;26,7;0;0;0,92
EUR.PA;;;https://finance.yahoo.com/sector/real_estate;;0;0;0;0
SAMS.PA;Industrials;Industrial Distribution;https://www.samse.fr/;Samse SA;182;404,95;16,96;0,45
ORIA.PA;Real Estate;Real Estate Services;https://www.fiducial-real-estate.fr/;Fiducial Real Estate;178;285,22;-2,13;0,67
RAL.PA;Consumer Defensive;Grocery Stores;https://www.rallye.fr/;Rallye SA;0,0441;347,33;0;0,26
MBWS.PA;Consumer Defensive;Beverages—Wineries & Distilleries;https://en.mbws.com/;Marie Brizard Wine & Spirits SA;3,17;1,65;4,59;0,88
PERR.PA;Industrials;Electrical Equipment & Parts;https://www.gerard-perrier.com/en/home-page/;Gérard Perrier Industrie S.A.;97;60,41;6,86;0,57
FCMC.PA;Consumer Cyclical;Resorts & Casinos;https://www.groupesfcmc.com/;Société Fermière du Casino Municipal de Cannes;1500;0;0;0,7
BLEE.PA;Real Estate;REIT—Diversified;https://www.bleecker.fr/;Bleecker Société Anonyme;156;653,64;-0,44;0,41
AAA.PA;Industrials;Consulting Services;https://www.alan-allman.com/;Alan Allman Associates;8,9;3,11;-2,04;0,18
VRAP.PA;Consumer Defensive;Beverages—Wineries & Distilleries;https://www.vrankenpommery.com/;Vranken-Pommery Monopole Société Anonyme;15,8;136,75;-0,94;0,31
AUB.PA;Technology;Information Technology Services;https://www.aubay.com/;Aubay Société Anonyme;45,55;24,91;6,11;0,72
INF.PA;Technology;Information Technology Services;https://www.infotel.com/;Infotel SA;48,7;34,02;7,88;0,74
SAVE.PA;Consumer Defensive;Packaged Foods;https://savencia-fromagedairy.com/;Savencia SA;54,2;359,46;-3,92;0,39
NRG.PA;Communication Services;Broadcasting;https://www.nrjgroup.fr/;NRJ Group SA;7,76;8,34;1,99;1,23
CNDF.PA;Financial Services;Banks—Regional;https://communication.ca-norddefrance.fr/;Caisse Régionale de Crédit Agricole Mutuel Nord de France Société coopérative;14,1;2371,3;-0,01;0,14
XIL.PA;Communication Services;Entertainment;https://xilam.com/;Xilam Animation;4,885;10,6;-0,77;0,48
ABCA.PA;Financial Services;Asset Management;https://www.abc-arbitrage.com/;ABC arbitrage SA;4,18;3,07;-13,93;0,9
NRO.PA;Technology;Information Technology Services;https://www.neurones.net/;Neurones S.A.;45,35;25,6;3,94;0,94
ESI.PA;;;https://finance.yahoo.com/sector/technology;;0;0;0;0
SFPI.PA;Industrials;Specialty Industrial Machinery;https://www.sfpi-group.com/;GROUPE SFPI SA;2,03;6,08;5,64;0,49
LIN.PA;Technology;Software—Application;https://www.linedata.com/;Linedata Services SA;75,4;23,42;-3,25;0,4
SELER.PA;Real Estate;REIT—Retail;https://www.selectirente.com/;Selectirente;88,5;146,13;-1,76;0,62
SWP.PA;Technology;Software—Application;https://www.sword-group.com/;Sword Group S.E.;36,2;18,53;30,17;0,55
EXE.PA;Industrials;Farm & Heavy Construction Machinery;https://www.exel-industries.com/;EXEL Industries SA;55,4;116,36;2,68;0,54
TNG.PA;Healthcare;Biotechnology;https://www.transgene.fr/;Transgene SA;1,318;0;0;0
LPE.PA;Consumer Defensive;Beverages—Wineries & Distilleries;https://www.finance-groupelp.com/;Laurent-Perrier S.A.;120;0;0;0
VTR.PA;Real Estate;REIT—Office;https://www.vitura.fr/;Vitura SA;6,45;90,83;-0,13;0,43
INEA.PA;Real Estate;Real Estate Services;https://fonciere-inea.com/mentions-legales/;Fonciere Inea S.A.;33,2;0;0;0
CRBP2.PA;Financial Services;Banks—Regional;https://www.ca-briepicardie.fr/;Caisse Régionale de Crédit Agricole Mutuel Brie Picardie Société coopérative;19;2821,55;-0,01;0,12
FREY.PA;Real Estate;REIT—Retail;https://www.frey.fr/;Frey SA;28,2;75,31;-0,87;0,45
PAT.PA;Real Estate;REIT—Retail;https://www.patrimoine-commerce.com/;Patrimoine et Commerce SA;21,2;0;0;0
AXW.PA;Technology;Software—Application;https://www.axway.com/;Axway Software SA;24,5;13,65;-24,26;0,6
FGA.PA;Industrials;Aerospace & Defense;https://www.figeac-aero.com/;Figeac Aero Société Anonyme;6,58;0;-0,45;0
WAGA.PA;Industrials;Specialty Industrial Machinery;https://waga-energy.com/;Waga Energy SA;15,9;0;-4,03;0
PARP.PA;Consumer Cyclical;Resorts & Casinos;https://www.groupepartouche.com/;Groupe Partouche SA;20,8;62,14;-0,81;0,53
JBOG.PA;Consumer Defensive;Household & Personal Products;https://www.groupe-bogart.com/;Jacques Bogart S.A.;7,4;23,05;-1,14;0,26
TFF.PA;Consumer Cyclical;Packaging & Containers;https://www.tff-group.com/;TFF Group;41,5;34,1;4,94;0,6
THEP.PA;Industrials;Industrial Distribution;https://www.thermador-groupe.fr/;Thermador Groupe SA;86,6;45,96;4,57;0,74
RBO.PA;Consumer Cyclical;Furnishings, Fixtures & Appliances;https://www.roche-bobois.com/;Roche Bobois S.A.;49,6;42,03;-3,23;0,27
ATLD.PA;Real Estate;REIT—Diversified;https://www.fonciere-atland.fr/;Atland SAS;44,4;100,72;16,32;0,36
HDF.PA;Utilities;Utilities—Renewable;https://www.hdf-energy.com/;Hydrogène de France Société anonyme;7,39;7,88;1,34;2,64
FORSE.PA;Industrials;Electrical Equipment & Parts;https://www.forseepower.com/;Forsee Power Société anonyme;1,074;2,28;-8,26;0,37
AELIS.PA;Healthcare;Biotechnology;https://www.aelisfarma.com/;Aelis Farma SA;13,1;1,99;14,56;2,18
TRACT.PA;Consumer Cyclical;Specialty Retail;https://www.teract.io/;Teract S.A.;0,85;0;0;0
ARVEN.PA;Utilities;Utilities—Renewable;https://www.arverne.earth/;Arverne Group S.A.;7,12;0;0;0
EC.PA;Energy;Oil & Gas E&P;https://ep.totalenergies.ga/;TotalEnergies EP Gabon Société Anonyme;174;660,43;-2,82;0,75
ALDV.PA;Real Estate;REIT—Residential;https://www.adcsiic.eu/;Alliance Developpement Capital SIIC;0,09;0,54;-1,12;0,72
BIOS.PA;;;;;0;0;0;0
CV.PA;Basic Materials;Other Industrial Metals & Mining;https://www.zci.lu/;ZCI Limited;0,2;0;0;0
TVRB.PA;Industrials;Engineering & Construction;https://www.verbier4vallees.ch/;Téléverbier SA;64;159,59;-3,06;0,78
GNRO.PA;Healthcare;Biotechnology;https://www.geneuro.com/;GeNeuro SA;1,7;0,18;-2,83;3,04
FORE.PA;Industrials;Railroads;https://www.forestiere-equatoriale.com/;La Forestière Equatoriale SA;645;0;0;0,99
FAYE.PA;Consumer Defensive;Household & Personal Products;https://fsdv.fr/;Fayenceries de Sarreguemines, Digoin & Vitry-le-Francois Société Anonyme;21,4;0;0;0
EEM.PA;Financial Services;Asset Management;https://www.eem-group.com/;Electricité et Eaux de Madagascar Société Anonyme;3,3;3,43;5,41;1,1
EGR.PA;Financial Services;Asset Management;https://www.transition-evergreen.com/;Transition Evergreen SA;1,79;4,11;-3,25;0,8
CFI.PA;Real Estate;Real Estate Services;https://www.cfi-france.com/;CFI-Compagnie Foncière Internationale;0,65;0;0;91
FIPP.PA;Real Estate;Real Estate Services;https://www.f-i-p-p.com/;FIPP Société Anonyme;0,129;0;0;0
PSAT.PA;Consumer Cyclical;Specialty Retail;https://www.passat.fr/;Passat Société Anonyme;6,25;15,58;0,75;1,06
EURS.PA;Real Estate;Real Estate Services;https://www.fonciere-euris.fr/;Fonciere Euris SA;0,159;1972,28;0;0,12
AURE.PA;Industrials;Waste Management;https://www.aurea-france.com/;Aurea SA;5,84;22,03;-4,06;0,41
CRAP.PA;Financial Services;Banks—Regional;https://www.credit-agricole.fr/ca-alpesprovence/particulier.html;Caisse Régionale de Crédit Agricole Mutuel Alpes Provence Société coopérative;79,1;0;0;0,12
CCN.PA;Financial Services;Banks—Regional;https://www.credit-agricole.fr/ca-normandie-seine/particulier.html;Caisse Régionale de Crédit Agricole Mutuel de Normandie-Seine Société coopérative;81,55;0;0;0
CRLO.PA;Financial Services;Banks—Regional;https://www.ca-loirehauteloire.fr/;Caisse Regionale de Credit Agricole Mutuel de la Loire-Haute-Loire SA;62,5;0;0;0,17
CRTO.PA;Financial Services;Banks—Regional;https://www.ca-tourainepoitou.fr/informations.html;Caisse Régionale de Crédit Agricole Mutuel de la Touraine et du Poitou Société Coopérative;76,8;16016,66;-0,01;0,15
CRSU.PA;Financial Services;Banks—Regional;https://www.credit-agricole.fr/ca-sudrhonealpes;Caisse Régionale de Crédit Agricole Mutuel Sud Rhône Alpes;134,82;0;0;0,11
CAT31.PA;Financial Services;Banks—Regional;https://www.credit-agricole.fr/ca-toulouse31/particulier.html;Caisse Regionale de Credit Agricole Mutuel Toulouse 31;72,02;3549,97;-0,02;0,11
CMO.PA;Financial Services;Banks—Regional;https://www.credit-agricole.fr/ca-morbihan/particulier.html;Caisse Régionale de Crédit Agricole du Morbihan;71,76;8546,62;-0,01;0,15
CROS.PA;Real Estate;Real Estate Services;https://www.crosswood.fr/;Crosswood SA;6,1;9,38;-3,49;0,8
GEA.PA;Industrials;Business Equipment & Supplies;https://www.gea.fr/;Grenobloise d'Electronique et d'Automatismes Société Anonyme;81,5;85,01;1,26;1,97
SPEL.PA;Real Estate;Real Estate Services;https://www.foncierevolta.com/;Foncière Volta;7,85;23,49;-1,12;0,5
DPT.PA;Consumer Cyclical;Luxury Goods;https://www.st-dupont.com/;S.T.Dupont Société Anonyme;0,0558;0,05;-2,79;0,04
SABE.PA;Consumer Defensive;Packaged Foods;https://www.sabeton.fr/;Saint Jean Groupe Société anonyme;20,2;50,99;-2,39;0,56
FINM.PA;Industrials;Conglomerates;https://www.financiere-marjos.com/;Financière Marjos SA;0,065;0;-1,62;12,56
CHSR.PA;Consumer Cyclical;Footwear & Accessories;https://www.lachausseria.com/;Chausseria;9,5;0;0;2,45
SACI.PA;Industrials;Business Equipment & Supplies;https://www.fiducial-office-solutions.fr/;Fiducial Office Solutions;28,2;0;0;0
EFI.PA;Real Estate;Real Estate Services;https://www.eurasiafonciereinvestissements.com/;Eurasia Fonciere Investissements Société Anonyme;0,262;0;0;0
AUGR.PA;Consumer Cyclical;Packaging & Containers;https://www.augros.fr/;Augros Cosmetic Packaging SA;6,7;0;0;0
BERR.PA;Real Estate;Real Estate Services;https://fiebm.com/;Financiere et Immobiliere de l'Etang de Berre et de la Mediterranee Société anonyme;10,4;22,15;0,69;1,29
BUI.PA;Consumer Cyclical;Apparel Manufacturing;https://www.barbarabui.com/;Barbara Bui SA;7,35;0;0;0,11
TAYN.PA;Real Estate;Real Estate Services;https://www.tayninh.fr/W/do/centre/accueil.html;Societe de Tayninh SA;1,21;1,89;0,64;1
CARP.PA;Real Estate;Real Estate Services;https://www.carpinienne-de-participations.fr/;Carpinienne de Participations;6,3;0;0;0
EDI.PA;Industrials;Business Equipment & Supplies;https://www.media6.com/;Groupe MEDIA 6;13,4;22,43;-89,33;0,49
ACAN.PA;Real Estate;REIT—Office;https://www.acanthedeveloppement.fr/;Acanthe Developpement;0,408;0,93;40,8;0,92
ITXT.PA;Consumer Cyclical;Apparel Manufacturing;https://intexa.fr/;Intexa SA;2,64;3,88;0,86;4,53
DPAM.PA;Energy;Oil & Gas Refining & Marketing;https://www.dpasa.fr/;Les Docks des Pétroles d'Ambès -SA;530;0;0;0,26
COUR.PA;Real Estate;Real Estate Services;https://www.courtois-sa.com/;Courtois S.A.;123;0;0;1,04
LEBL.PA;Consumer Cyclical;Furnishings, Fixtures & Appliances;https://www.fonciere7investissement.fr/;Foncière 7 investissement Société Anonyme;0,675;0,4;1,78;2,19
INFE.PA;Industrials;Engineering & Construction;https://www.infe.fr/;Compagnie Industrielle et Financière d'Entreprises SA;61;260,27;4,44;0,25
TIPI.PA;Consumer Defensive;Packaged Foods;https://www.tipiak.fr/;Tipiak Société Anonyme;86;0;0;0,29
FPG.PA;Technology;Information Technology Services;https://www.uti-group.fr/;Union Technologies Informatique Group S.A.;0,535;0,56;-0,58;0,29
BSD.PA;Financial Services;Capital Markets;https://www.boursedirect.fr/;Bourse Direct Société Anonyme;5,58;24,19;-0,25;0,06
SEC.PA;Industrials;Engineering & Construction;https://www.soditech.eu/;Soditech SA;1,2;2,1;-2,5;0,49
CRAV.PA;Financial Services;Banks—Regional;https://www.credit-agricole.fr/ca-atlantique-vendee;Crédit Agricole Atlantique Vendée;90;25332,72;0;0,12
GJAJ.PA;Consumer Cyclical;Apparel Manufacturing;https://www.jaj.fr/;Groupe JAJ;1,3;7,38;0,91;0,23
ITE.PA;Technology;Software—Infrastructure;https://www.itesoft.com/;Itesoft S.A.;4;3,52;-5;0,38
COH.PA;Technology;Software—Application;https://www.chapsvision.fr/crm;Coheris Société Anonyme;6,62;5,32;82,75;0,42
PARRO.PA;Technology;Communication Equipment;https://www.parrot.com/;Parrot S.A.;2,05;2,86;1,81;0,92
PROAC.PA;Technology;Software—Application;https://www.proactis.com/uk/hubwoo-investors;Proactis SA;0,068;0;0;0
HDP.PA;Consumer Cyclical;Lodging;https://www.leshotelsdeparis.com/;Les Hôtels de Paris SA;2,98;16,26;-0,14;0,1
CBSM.PA;Real Estate;REIT—Diversified;https://www.scbsm.fr/;Société Centrale des Bois et des Scieries de la Manche S.A.;8,5;34,39;-0,66;0,58
CBOT.PA;Real Estate;Real Estate—Diversified;https://www.cboterritoria.com/;CBo Territoria SA;3,76;13,63;-1,06;0,53
SFCA.PA;Consumer Cyclical;Resorts & Casinos;https://www.casinos-sfc.com/;Société Française de Casinos Société Anonyme;1,73;2,41;-2,58;0,73
GPE.PA;Industrials;Waste Management;https://www.pizzorno.com/;Groupe Pizzorno Environnement;72,2;86,43;-4,26;0,38
PAR.PA;Real Estate;REIT—Diversified;https://www.paref.com/;Paref SA;51,4;139,91;-1,19;0,59
ALTUR.PA;;;https://finance.yahoo.com/sector/industrials;;0;0;0;0
CRLA.PA;Financial Services;Banks—Regional;https://www.credit-agricole.fr/ca-languedoc/particulier.html;Caisse Régionale de Crédit Agricole Mutuel du Languedoc Société coopérative;53,45;1772,57;-0,04;0,14
SQI.PA;Technology;Information Technology Services;https://www.sqli.com/;SQLI SA;41,8;33,51;-10,48;0,51
ATEME.PA;Technology;Communication Equipment;https://www.ateme.com/;ATEME SA;5,88;7,02;9,05;0,42
ARTE.PA;Real Estate;Real Estate Services;https://www.groupe-artea.fr/;Artea SA;11,8;82,88;-0,28;0,26
MAAT.PA;Healthcare;Biotechnology;https://www.maatpharma.com/;MaaT Pharma SA;8;3,59;9,76;1,1
AMPLI.PA;Healthcare;Medical Instruments & Supplies;https://www.amplitude-surgical.com/;Amplitude Surgical SA;2,7;2,91;-1,6;0,4
ABEO.PA;Consumer Cyclical;Leisure;https://www.groupe-abeo.fr/;Abéo SA;12,85;24,97;-1,03;0,36
AFME.PA;Healthcare;Medical Devices;https://www.affluentmedical.com/;Affluent Medical SA;1,7;0,23;-2,88;0,57
NR21.PA;Consumer Cyclical;Apparel Retail;https://www.nr21.eu/;NR21 Société Anonyme;47,6;0;0;0,99
EXPL.PA;Basic Materials;Specialty Chemicals;https://www.epc-groupe.com/;EPC Groupe;142,5;204,72;-4,7;0,33
MRM.PA;Real Estate;REIT—Retail;https://www.mrminvest.com/;MRM Group;18;78,37;-0,51;0,5
ABLD.PA;Healthcare;Health Information Services;https://www.abldiagnostics.com/;ABL Diagnostics Société anonyme;3,04;0,86;14,48;0,45
FOAF.PA;Financial Services;Financial Conglomerates;https://www.cfoa.eu/;Fin.Ouest Africain;58;0;0;0
AKOM.PA;Technology;Communication Equipment;https://www.aerkomm.com/;Aerkomm Inc.;2,6;3,96;-0,9;0,33
ALCOI.PA;Basic Materials;Aluminum;https://www.aloxide.com/;Coil S.A./N.V.;4,89;10,8;-4,14;0,69
ALIMG.PA;;;https://finance.yahoo.com/sector/real_estate;;0;0;0;0
ALINV.PA;Communication Services;Advertising Agencies;https://www.invibes.com/;Invibes Advertising N.V.;5,42;7,3;1,85;1,01
ALLAM.PA;Communication Services;Internet Content & Information;https://www.llama-group.com/;Llama Group SA;0,789;1,06;-0,7;0,07
ALVET.PA;Healthcare;Biotechnology;https://www.thera.vet/en;TheraVet SA;0,68;0;0;0
ALPHS.PA;;;https://finance.yahoo.com/sector/technology;;0;0;0;0
ALHEO.PA;;;https://finance.yahoo.com/sector/technology;;0;0;0;0
ALPHI.PA;Technology;Software—Application;https://www.facephi.com/;Facephi Biometria, S.A.;1,995;1,33;-6,88;0,34
ALLLN.PA;Communication Services;Telecom Services;https://www.lleida.net/;LleidaNetworks Serveis Telemàtics, S.A.;1,24;0,52;-2,48;0,19
ALQP.PA;Consumer Cyclical;Packaging & Containers;https://www.quadpack.com/;Quadpack Industries, S.A.;14,7;18,14;-1,91;0,33
ALKOM.PA;Basic Materials;Specialty Chemicals;https://www.kompuestos.com/;Plásticos Compuestos, S.A.;0,805;0;0;0
ALMKS.PA;Communication Services;Advertising Agencies;https://www.makingscience.com/;Making Science Group, S.A.;9,35;9,05;-1,63;0,08
ALISP.PA;Communication Services;Advertising Agencies;https://www.ispd.com/;ISPD Network, S.A.;3,18;3,55;-3,42;0,1
ALLEX.PA;Consumer Cyclical;Leisure;https://www.lexibook.com/;Lexibook - Linguistic Electronic System Société anonyme;3,38;5,56;2,09;0,35
ALGEV.PA;Industrials;Specialty Industrial Machinery;https://www.gevelot-sa.fr/;Gévelot SA;246;0;0;1,15
ALBDM.PA;Communication Services;Telecom Services;https://www.bdmultimedia.fr/;BD Multimedia SA;2,19;1,65;36,5;0,68
ALESK.PA;Technology;Software—Application;https://www.esker.fr/;Esker SA;199,8;20,49;36,33;0,88
ALRGR.PA;Basic Materials;Lumber & Wood Production;https://www.rougier.fr/;Rougier S.A.;15,2;76,52;-0,82;0,15
ALHF.PA;Technology;Communication Equipment;https://www.hfcompany.com/;HF Company SA;5,68;8,31;0,77;4,63
ALLOG.PA;Technology;Computer Hardware;https://logic-instrument.com/;Logic Instrument S.A.;1,16;1,54;3,22;0,46
ALENR.PA;Communication Services;Publishing;https://www.entreprendre.fr/;Entreprendre S.A.;3;0;0;0,42
ALAVI.PA;Consumer Defensive;Beverages—Wineries & Distilleries;https://www.advini.com/;AdVini S.A.;14,6;89,94;-0,43;0,2
ALDEL.PA;Consumer Cyclical;Auto Parts;https://www.delfingen.com/;Delfingen Industry S.A.;38,7;111,2;-1,48;0,4
ALCBX.PA;Technology;Computer Hardware;https://www.ciboxcorp.com/;Cibox Inter@ctive;0,0134;0,03;1,34;0,51
ALBOU.PA;Consumer Cyclical;Home Improvement Retail;https://www.bourrelier-group.com/;Bourrelier Group SA;55;87,07;3,15;0,96
ALLUX.PA;Basic Materials;Aluminum;https://www.groupe-installux.com/;Installux S.A.;286;0;0;0,96
ALGIR.PA;Industrials;Railroads;https://www.signaux-girod.fr/;Signaux Girod S.A.;19,8;83,93;1,03;0,69
ALDEV.PA;Consumer Cyclical;Apparel Manufacturing;https://www.devernois.com/;Devernois S.A.;10,2;0;0;0,47
ALORA.PA;Industrials;Electrical Equipment & Parts;https://www.altheora.com/;Altheora SA;0,51;3,02;-0,74;0,36
ALPDX.PA;Consumer Cyclical;Leisure;https://www.desjoyaux.com/;Piscines Desjoyaux SA;13,65;20,23;2,43;1,12
ALIDS.PA;Industrials;Conglomerates;https://www.idsud.com/;Idsud S.A.;170;0;0;0,91
ALEXA.PA;Basic Materials;Paper & Paper Products;https://www.exacomptaclairefontaine.fr/;Exacompta Clairefontaine S.A.;168;790,32;1,28;0,58
ALINN.PA;Technology;Electronics & Computer Distribution;https://corporate.innelec.com/;Innelec Multimédia SA;6,84;36,84;9,91;0,22
ALCIS.PA;Industrials;Specialty Business Services;https://www.cis-integratedservices.com/;Catering International & Services Société Anonyme;9,02;24,9;2,18;0,42
ALNSC.PA;Industrials;Specialty Industrial Machinery;https://www.nsc-groupe.com/;NSC Groupe SA;50,5;0;0;0,44
ALHOP.PA;Communication Services;Advertising Agencies;https://www.hopscotchgroupe.com/;Hopscotch Global PR Group;20,4;67,14;-2,5;0,14
ALSOG.PA;Industrials;Aerospace & Defense;https://www.sogeclair.com/;Sogeclair SA;23,8;44,06;4,82;0,35
ALPJT.PA;Industrials;Building Products & Equipment;https://www.poujoulat.com/;Poujoulat SA;15,55;42,44;-14,67;0,38
ALHRG.PA;Basic Materials;Building Materials;https://www.groupe-herige.fr/;Herige;31,5;149,45;-1,26;0,31
ALDBL.PA;Consumer Cyclical;Restaurants;https://www.bernard-loiseau.com/;Bernard Loiseau S.A.;3,76;6,81;-0,98;0,24
ALGID.PA;Technology;Electronic Components;https://www.egide-group.com/;Egide S.A.;0,686;1,73;-2,74;0,2
ALITL.PA;Technology;Information Technology Services;https://www.itlink.fr/;IT Link SA;32,3;30,62;4,79;0,54
ALNMG.PA;Communication Services;Advertising Agencies;https://www.netmedia.group/;NetMedia Group société anonyme;0,0296;0,05;-0,99;0,1
ALFLE.PA;Consumer Defensive;Packaged Foods;https://www.fleurymichon.fr/;Fleury Michon SA;22,9;133,37;-0,54;0,32
ALSAS.PA;Real Estate;Real Estate Services;https://www.stradim.fr/;Stradim Espace Finances SA;6,55;71,01;0,67;0,16
ALEMG.PA;Healthcare;Medical Devices;https://www.euromedis.fr/;Euromedis Groupe;4,6;18,26;0,63;0,89
ALLDL.PA;Technology;Electronics & Computer Distribution;https://www.groupe-ldlc.com/;Groupe LDLC société anonyme;17,6;35,59;352;0,43
ALRIB.PA;Technology;Semiconductor Equipment & Materials;https://www.riber.com/;Riber S.A.;2,69;2,11;5,27;0,55
ALATI.PA;Consumer Cyclical;Auto Parts;https://www.actia.com/;ACTIA Group S.A.;4;26,5;-2,13;0,24
ALAST.PA;Consumer Cyclical;Residential Construction;https://www.ast-groupe.fr/;AST Groupe;0,538;8,02;-0,28;0,13
ALMIC.PA;Technology;Information Technology Services;https://www.micropole.com/;Micropole S.A.;1,93;2,72;-2,92;0,47
ALU10.PA;Consumer Cyclical;Furnishings, Fixtures & Appliances;https://www.u10.fr/;U10 Corp;1,42;7,02;0,97;0,4
ALBON.PA;Financial Services;Asset Management;https://www.compagnielebon.fr/;Compagnie Lebon;98;243,98;-0,96;0,52
ALBI.PA;Consumer Cyclical;Packaging & Containers;https://www.groupe-gascogne.com/;Gascogne SA;2,99;21,41;-0,77;0,4
ALDAR.PA;Consumer Cyclical;Apparel Retail;https://www.damartex.com/;Damartex;3,29;29,73;-0,22;0,23
ALTPC.PA;Industrials;Infrastructure Operations;https://www.tunnelprado.com/;Société Marseillaise du Tunnel Prado Carénage;29,6;23,66;-10,42;0,78
ALLAN.PA;Consumer Defensive;Beverages—Wineries & Distilleries;https://www.lanson-bcc.com/;Lanson-BCC;46,5;0;0;0
ALKEY.PA;Technology;Information Technology Services;https://www.keyrus.com/;Keyrus S.A.;7,02;15,48;-0,94;0,14
ALVIV.PA;Technology;Software—Application;https://www.visiativ.com/;Visiativ SA;36,3;42,23;-1,88;0,26
ALDUB.PA;Basic Materials;Specialty Chemicals;https://www.encresdubuit.com/;Encres Dubuit;2,66;7,84;0,76;0,81
ALMRB.PA;Consumer Cyclical;Home Improvement Retail;https://mr-bricolage.com/;Mr.Bricolage S.A.;8,82;0;0;0
ALFBA.PA;Consumer Cyclical;Apparel Retail;https://www.fashion-belair.com/;Fashion Bel Air S.A.;0,057;0;0;0
ALPRI.PA;Communication Services;Advertising Agencies;https://www.prismaflex.com/;Prismaflex International, S.A.;6,7;0;-0,31;0
ALVDM.PA;Consumer Cyclical;Travel Services;https://www.voyageursdumonde.fr/;Voyageurs du Monde SA;143,2;0;0;0
ALGEN.PA;Healthcare;Biotechnology;https://www.genoway.com/;genOway Société anonyme;4,17;0;0;0
ALNSE.PA;Technology;Scientific & Technical Instruments;https://www.nse-groupe.com/;NSE S.A.;24,5;0;0;0
ALCLA.PA;Industrials;Integrated Freight & Logistics;https://www.clasquin.com/;Clasquin SA;136;0;0;0
ALHYG.PA;Healthcare;Biotechnology;https://www.hybrigenics.com/;Hybrigenics SA;0,0099;0;0;0
ALNTG.PA;Technology;Communication Equipment;https://www.netgem.com/;Netgem SA;0,96;0,87;32;0,68
ALMAS.PA;Consumer Defensive;Household & Personal Products;https://www.mastrad-paris.fr/;Mastrad Société Anonyme;0,0112;0,06;0;0,56
ALHEX.PA;Consumer Cyclical;Residential Construction;https://www.hexaom.fr/;Hexaom S.A.;22,3;81,01;3,51;0,44
ALNXT.PA;Communication Services;Advertising Agencies;https://www.nextedia.com/;Nextedia S.A.;0,606;0,79;-8,66;0,57
ALMIN.PA;Communication Services;Telecom Services;https://www.mint.eco/;Mindscape SA;3,68;11,93;0,68;2,33
ALBLD.PA;Communication Services;Advertising Agencies;https://www.bilendi.fr/;Bilendi SA;17;8,65;-16,19;0,55
ALTRO.PA;Technology;Semiconductor Equipment & Materials;https://www.tronics.tdk.com/;Tronic's Microsystems SA;3,6;2,95;-2,69;0,5
ALFRE.PA;Industrials;Staffing & Employment Services;https://www.freelance.com/;Freelance.com SA;3,35;5,85;-4,35;0,39
ALTER.PA;;;https://finance.yahoo.com/sector/consumer_cyclical;;0;0;0;0
ALI2S.PA;Industrials;Electrical Equipment & Parts;https://www.i2s.fr/;i2S SA;7,2;10,49;5,07;0,66
ALLHB.PA;Consumer Cyclical;Lodging;https://www.leshotelsbaverez-sa.com/;Les Hôtels Baverez S.A.;70;30,16;15,45;1,25
ALVIO.PA;Healthcare;Biotechnology;https://valeriotx.com/;Valerio Therapeutics Société anonyme;0,109;0,1;-2,18;0,52
ALTHE.PA;Healthcare;Medical Devices;https://www.theraclion.com/;Theraclion SA;0,498;0,38;7,11;0,52
ALLIX.PA;Technology;Software—Infrastructure;https://www.wallix.com/;WALLIX GROUP SA;8,44;5,97;-15,92;0,47
ALPRE.PA;Healthcare;Diagnostics & Research;https://www.predilife.com/;Predilife S.A.;7,1;2,36;-22,9;0,18
ALBFR.PA;Technology;Software—Application;https://www.sidetrade.com/;Sidetrade SA;172;28,63;66,41;0,76
ALMGI.PA;Industrials;Security & Protection Services;https://www.mginternational.fr/;MG International S.A.;6,2;6,84;1,37;0,88
ALPLA.PA;;;https://finance.yahoo.com/sector/industrials;;0;0;0;0
ALMIL.PA;Communication Services;Advertising Agencies;https://numberly.com/fr;1000mercis;26,2;42,59;-3,41;0,23
ALPRO.PA;Technology;Software—Application;https://www.prodware.fr/;Prodware;8,7;34,48;-0,25;0,15
ALVIA.PA;Consumer Cyclical;Specialty Retail;https://www.viapresse.com/;Vialife SA;12;0;0;0,13
ALOBR.PA;;;https://www.groupe-ober.fr/;Ober SA;11,72;24,14;2,47;0,43
ALUPG.PA;Consumer Cyclical;Specialty Retail;https://www.upergy.com/;UPERGY Société Anonyme;2,1;5,85;1,31;0,49
ALAQU.PA;Industrials;Security & Protection Services;https://www.reseau-aquila.fr/;Aquila SA;4,24;6,1;2,48;0,44
ALMDG.PA;Technology;Computer Hardware;https://www.mgi-fr.com/;MGI Digital Technology Société Anonyme;21,5;19,34;2,45;1,09
ALPRG.PA;Technology;Software—Application;https://www.prologue.fr/;Prologue S.A.;0,228;0,54;-2,53;0,26
ALTTI.PA;Technology;Software—Application;https://www.ttinteractive.com/;Travel Technology Interactive;2,34;0;0;0
ALHIT.PA;Technology;Information Technology Services;https://www.hitechpros.com/;HITECHPROS Société anonyme;17,1;0;0;0
ALNOV.PA;Healthcare;Medical Devices;https://www.novacyt.com/;Novacyt S.A.;0,715;1,74;0,53;2,13
ALTRI.PA;Industrials;Business Equipment & Supplies;https://www.trilogiq.com/;Trilogiq S.A.;5,85;11,58;0,72;1,97
ALDLS.PA;Industrials;Staffing & Employment Services;https://www.groupedlsi.com/;DLSI;15,2;32,5;2,09;0,69
ALENT.PA;Communication Services;Internet Content & Information;https://www.entreparticuliers.com/;Entreparticuliers.com;0,62;0,23;-10,33;0,84
ALCLS.PA;Healthcare;Biotechnology;https://www.cellectis.com/;Cellectis S.A.;2,73;4,64;-11,87;0,65
ALDNX.PA;Communication Services;Internet Content & Information;https://www.dnxcorp.com/;DNXCorp SE;21,6;5,25;135;0,73
ALEO2.PA;Basic Materials;Lumber & Wood Production;https://www.eo2.fr/;Eo2 Société Anonyme;5;0;0;0
ALATA.PA;Communication Services;Electronic Gaming & Multimedia;https://www.atari.com/;Atari SA;0,125;0,06;-1,79;0,23
ALFPC.PA;Consumer Cyclical;Recreational Vehicles;https://www.fountaine-pajot.com/;S.A. Fountaine Pajot;129,5;152,54;42,88;0,52
ALECP.PA;Communication Services;Entertainment;https://www.europacorp.com/;EuropaCorp;0,38;0,63;-1,09;0,02
ALROC.PA;Technology;Electronic Components;https://www.roctool.com/;RocTool S.A.;1,04;1,07;-17,33;0,23
ALSTW.PA;Technology;Software—Application;https://www.streamwide.com/;Streamwide S.A.;26,3;11,98;25,05;0,68
ALAGR.PA;Consumer Defensive;Farm Products;https://agrogeneration.com/;AgroGeneration, SA;0,0496;0,14;-1,65;0,29
ALTXC.PA;Technology;Communication Equipment;https://txcom-group.com/;TXCOM Société Anonyme;9,3;10,1;1,35;2,34
ALWED.PA;Technology;Software—Application;https://www.wedia-group.com/;Wedia SA;23,2;0;0;0,55
ALKAL.PA;Technology;Semiconductors;https://www.kalrayinc.com/;Kalray S.A.;18,28;4,53;18,1;0,84
ALVU.PA;Consumer Cyclical;Internet Retail;https://www.vente-unique.com/;Vente-Unique.com SA;13,75;9,02;14,03;0,61
ALMER.PA;Consumer Defensive;Packaged Foods;https://www.sapmer.com/;Sapmer SA;7,3;37,61;-0,42;0,27
ALPAT.PA;Healthcare;Biotechnology;https://www.plantadvanced.com/;Plant Advanced Technologies SA;14,4;10,12;-4,3;0,52
ALSRS.PA;Communication Services;Advertising Agencies;https://www.madvertise.com/;Sirius Media;0,442;0;0;0
ALREW.PA;Communication Services;Advertising Agencies;https://www.reworldmedia.com/;Reworld Media Société Anonyme;2,985;6,07;-1,08;0,36
ALEUA.PA;Real Estate;Real Estate Services;https://www.eurasiagroupe.com/;Eurasia Groupe SA;2,62;0;0;0
ALMDP.PA;Healthcare;Biotechnology;https://www.medesispharma.com/;Medesis Pharma S.A.;1,16;0,35;-1,9;1,64
ALQWA.PA;Communication Services;Advertising Agencies;https://www.qwamplify.com/;Qwamplify;3,2;5,99;11,03;0,61
ALCAR.PA;Healthcare;Medical Devices;https://www.carmatsa.com/;Carmat SA;4,08;1,82;-2,18;0,97
ALINT.PA;Healthcare;Biotechnology;https://integragen.com/;IntegraGen SA;0,65;1,21;2,5;0,39
ALBIO.PA;Healthcare;Medical Devices;https://www.biosynex.com/;Biosynex SA;4;13,54;-11,11;0,6
ALMOU.PA;Basic Materials;Lumber & Wood Production;https://www.moulinvest.com/;Moulinvest S.A.;21;49,19;-18,92;0,6
ALKLA.PA;Communication Services;Advertising Agencies;https://www.klarsen.com/;Klarsen;2,24;1,03;-1,9;0,18
ALBLU.PA;Healthcare;Medical Devices;https://www.bluelinea.com/;Bluelinea Société Anonyme;1,05;0,56;-3,89;0,33
ALMDT.PA;Healthcare;Medical Devices;https://www.mediantechnologies.com/;Median Technologies SA;3,21;1,86;-4,12;0,63
ALMIB.PA;Basic Materials;Agricultural Inputs;https://amoeba-nature.com/;Amoéba S.A.;0,4805;0,13;-3,2;0,68
ALGBE.PA;Utilities;Utilities—Diversified;https://www.global-bioenergies.com/;Global Bioenergies SA;1,818;0,99;4,54;1,62
ALTBG.PA;Technology;Software—Application;https://theblockchain-group.com/;The Blockchain Group;0,1;0,2;-0,62;0,44
ALCOG.PA;Basic Materials;Lumber & Wood Production;https://www.cogra.fr/;Cogra 48 Société Anonyme;6,54;13,02;2,51;0,71
ALINS.PA;Healthcare;Health Information Services;https://www.intrasense.fr/;Intrasense S.A.;0,309;0,14;5,15;1,24
ALGLD.PA;Basic Materials;Other Precious Metals & Mining;https://www.goldbygold.com/;Gold By Gold SA;2,06;2,48;2,1;0,48
ALMET.PA;Utilities;Utilities—Diversified;https://www.methanor.fr/;Méthanor SCA;2,63;5,66;3,7;1,14
ALBOA.PA;Industrials;Specialty Industrial Machinery;https://www.boa-concept.com/;BOA Concept SAS;25;0;0;1,49
ALSGD.PA;Healthcare;Medical Devices;https://www.spineguard.com/;SpineGuard SA;0,2375;0,14;7,92;0,84
ALESA.PA;Industrials;Waste Management;https://www.ecoslops.com/;Ecoslops S.A.;0,702;0;0;0
ALVGO.PA;Technology;Software—Application;https://www.vogo-group.com/;Vogo SA;3,97;0,91;-16,54;0,46
ALNLF.PA;Consumer Cyclical;Furnishings, Fixtures & Appliances;https://www.neolife.fr/;Neolife SA;0,0792;0,04;7,92;0,68
ALCRB.PA;Basic Materials;Specialty Chemicals;https://www.carbios.com/;Carbios SAS;23,3;15,42;2,9;2,13
ALQGC.PA;Healthcare;Biotechnology;https://www.quantum-genomics.com/;Quantum Genomics Société Anonyme;0,132;0;0;0
ALCJ.PA;Healthcare;Medical Instruments & Supplies;https://www.crossject.com/;Crossject Société Anonyme;1,984;0,63;-3,42;0,04
ALREA.PA;Real Estate;Real Estate—Development;https://www.realites.com/;Réalités S.A.;13,05;214,63;-4,85;0,13
ALUCI.PA;Industrials;Electrical Equipment & Parts;https://www.lucibel.io/;Lucibel SA;0,4295;0,33;-2,53;0,05
ALUVI.PA;Industrials;Pollution & Treatment Controls;https://www.uvgermi.fr/;UV Germi SA;3,47;2,95;1,5;1,29
ALENE.PA;Industrials;Specialty Industrial Machinery;https://www.enertime.com/;Enertime SA;0,37;0,87;-0,86;0,01
ALDMS.PA;Healthcare;Medical Devices;https://www.dms.com/;Diagnostic Medical Systems S.A.;1,065;2,22;-3,13;0,27
ALPUL.PA;;;https://pullupent.com/;Pullup Entertainment Société anonyme;11,58;0;0;0
ALSEN.PA;Healthcare;Biotechnology;https://www.sensorion.com/;Sensorion SA;0,708;0,15;7,08;3,49
ALUNT.PA;Consumer Cyclical;Residential Construction;https://uniti-habitat.fr/;Uniti S.A;1,37;19,09;0,82;0,07
ALBPS.PA;Healthcare;Biotechnology;https://www.biophytis.com/;Institut Biophytis SAS;0,7902;3,25;-0,32;0,64
ALGIL.PA;Consumer Cyclical;Packaging & Containers;https://www.groupeguillin.fr/;Groupe Guillin S.A.;29,7;40,17;4,63;0,73
ALHYP.PA;Technology;Software—Infrastructure;https://www.hipay.com/;HiPay Group SA;8;28,74;-1,31;0,13
ALCAP.PA;Real Estate;Real Estate—Development;https://capelli-immobilier.fr/;Capelli SA;6,06;367,31;0,67;0,07
ALPOU.PA;Consumer Defensive;Packaged Foods;https://www.poulaillon.fr/;Poulaillon SA;5,15;14;-1,04;0,37
ALCOX.PA;Healthcare;Biotechnology;https://www.nicox.com/;Nicox S.A.;0,3755;1,06;0,96;0,51
ALMLB.PA;Consumer Cyclical;Furnishings, Fixtures & Appliances;https://www.miliboo.com/;Miliboo Société anonyme;2,06;2,45;7,63;0,44
ALIMR.PA;Technology;Software—Application;https://www.immersion.fr/;Immersion SA;1,81;5,54;2,18;0,31
ALWEC.PA;Technology;Consumer Electronics;https://www.connect-we.fr/;We.Connect SA;20,2;56,58;1,28;0,4
ALDRV.PA;Technology;Computer Hardware;https://www.dronevolt.com/;Drone Volt SA;0,0085;0;0;0
ALWIT.PA;Communication Services;Internet Content & Information;https://www.witbe.net/;Witbe S.A.;3,55;3,23;-4,38;0,32
ALKLK.PA;Technology;Software—Infrastructure;https://www.kerlink.com/;Kerlink SA;0,736;3,33;2,45;0,32
ALPCV.PA;Industrials;Specialty Industrial Machinery;https://www.cerinnov.com/;Cerinnov Group SA;1,94;2,64;-2,66;0,22
ALAUR.PA;Industrials;Business Equipment & Supplies;https://www.aures.com/;AURES Technologies S.A.;6,12;16,48;9,27;0,4
ALPAR.PA;Consumer Cyclical;Auto & Truck Dealerships;https://www.groupe-parot.com/;Groupe Parot SA;8,7;30,7;-2,76;0,21
ALOSM.PA;Communication Services;Telecom Services;https://osmozis.com/;Osmozis SA;10,5;10,48;-15;0,67
ALERS.PA;Healthcare;Medical Devices;https://www.eurobio-scientific.com/;Eurobio Scientific Société anonyme;14,74;16,25;54,59;0,77
ALVAL.PA;Healthcare;Biotechnology;https://www.valbiotis.com/;Valbiotis SA;4,25;0;0;0
ALECR.PA;Healthcare;Diagnostics & Research;https://www.eurofins.fr/cerep/;Eurofins-Cerep SA;21800;0;0;0
ALCOF.PA;Technology;Electronic Components;https://www.cofidur-ems.com/;Cofidur S.A.;390;0;0;0
ALEXP.PA;Financial Services;Capital Markets;https://groupe.one-experience.fr/;One Experience Société anonyme;0,474;0;0;0
ALMII.PA;Technology;Information Technology Services;https://www.m2iformation.fr/;M2i Société anonyme;4;0;0;0
ALDLT.PA;Consumer Cyclical;Footwear & Accessories;https://www.deltaplusgroup.com/;Delta Plus Group;79,4;44,54;-15,51;0,51
ALARF.PA;Technology;Communication Equipment;https://www.adeunis.com/;Adeunis Société anonyme;0,446;2,33;-7,43;0,35
ALTHX.PA;Healthcare;Biotechnology;https://www.theranexus.com/;Theranexus Société Anonyme;1,065;0,79;-1,66;0,31
ALDVI.PA;Healthcare;Biotechnology;https://www.advicenne.com/;Advicenne S.A.;1,976;0;-0,99;0
ALLGO.PA;Technology;Electronics & Computer Distribution;https://www.largo-france.fr/;Largo SA;2,4;3,27;-1;0,3
ALORD.PA;Technology;Computer Hardware;https://www.ordissimo.com/;Ordissimo SA;0,578;2,09;-11,56;0,56
ALNN6.PA;Technology;Communication Equipment;https://www.enensys.com/;ENENSYS Technologies SA;0,648;2,09;-0,9;0,01
ALDNE.PA;Communication Services;Electronic Gaming & Multimedia;https://dontnod-bourse.com/;Don't Nod Entertainment S.A.;2,88;5,46;0,71;1,52
ALLEC.PA;Technology;Communication Equipment;https://www.cogelec.fr/;Cogelec SA;9,5;9,79;-3,83;0,15
AL2SI.PA;Technology;Computer Hardware;https://2crsi.com/;2CRSI S.A.;4,545;2,78;4,59;0,49
ALTUV.PA;Industrials;Waste Management;https://www.bio-uv.com/;BIO-UV Group S.A.;2,24;3,27;-1,98;0,47
ALEMV.PA;Consumer Cyclical;Specialty Retail;https://www.emova-group.com/;Emova Group SA;0,995;2,08;-0,29;0,41
ALKKO.PA;Consumer Defensive;Farm Products;https://www.kko-international.com/;KKO International SA;0,076;0,19;-0,95;0,36
ALBKK.PA;Basic Materials;Chemicals;https://www.baikowski.com/;Baikowski SA;13,9;15,94;9,03;0,72
ALCUR.PA;Industrials;Specialty Industrial Machinery;https://www.arcure.net/;Arcure S.A.;6,48;2,38;32,4;0,45
ALNRG.PA;Technology;Software—Application;https://energisme.com/;SA Energisme;0,0065;0;0;0
ALMAR.PA;Industrials;Staffing & Employment Services;https://www.mare-nostrum.eu/;Mare Nostrum SA;0,68;11,23;-0,31;0,08
ALAMG.PA;Basic Materials;Gold;https://auplatamininggroup.com/;Auplata Mining Group;0,0028;0,04;-0,05;0,05
ALVAP.PA;Consumer Cyclical;Internet Retail;https://www.kumulusvape.fr/;Kumulus Vape S.A.;6,3;7,68;1,76;0,9
ALNEO.PA;Technology;Scientific & Technical Instruments;https://www.alpha-mos.com/;Neotion SA;0,726;0,57;-0,68;1,5
ALGTR.PA;Technology;Scientific & Technical Instruments;https://groupe-tera.com/;Groupe Tera SA;3,92;3,64;-2,95;0,12
ALOKW.PA;Utilities;Utilities—Renewable;https://www.okwind.fr/;Groupe OKwind Société anonyme;19,36;7,77;9,58;0,57
ALHGR.PA;Basic Materials;Building Materials;https://www.ciments-hoffmann.fr/;Hoffmann Green Cement Technologies Societe anonyme;11,4;6,06;-30,81;0,8
ALAGP.PA;Utilities;Utilities—Renewable;https://www.agripower-france.com/;Agripower France Société Anonyme;1,1;4,92;0,57;0,8
ALMUN.PA;Technology;Software—Infrastructure;https://www.munic.io/;Munic S.A.;0,53;1,51;53;0,51
ALIMP.PA;Healthcare;Medical Devices;https://www.implanet.com/;Implanet S.A.;0,1145;0,06;-2,86;0,02
ALPAU.PA;Consumer Defensive;Packaged Foods;https://www.paulicmeunerie.com/;PAULIC Meunerie SA;1,82;3,73;-1,08;0,39
ALVMG.PA;Healthcare;Medical Instruments & Supplies;https://www.visiomed.fr/;Visiomed Group SA;0,1938;0,04;-9,69;0,72
ALGAU.PA;Consumer Cyclical;Auto Manufacturers;https://www.gaussin.com/;Gaussin SA;0,244;2,37;-0,3;0,03
BPSBS.PA;;;;;0,004;0;0;0
ALVG.PA;Technology;Consumer Electronics;https://veomgroup.com/;VEOM Group;0,263;5,5;-0,07;0,01
ALECO.PA;Consumer Defensive;Food Distribution;https://www.ecomiam.com/;écomiam SA;3,03;3,82;10,82;0,49
ALCHI.PA;Communication Services;Broadcasting;https://www.alchimie.com/;Alchimie SA;0,522;2,18;-0,37;0,41
ALWF.PA;Industrials;Farm & Heavy Construction Machinery;https://investir.winfarm-group.com/;WINFARM Société anonyme;4,75;34,62;-0,41;0,26
ALIMO.PA;Real Estate;Real Estate Services;https://www.groupimo.fr/;Groupimo S.A.;0,2;2,65;0,67;0,62
ALHPI.PA;Consumer Cyclical;Auto Manufacturers;https://www.hopium.com/;Hopium SA;0,0263;0,15;-0,02;9,29
ALHRS.PA;Consumer Cyclical;Specialty Retail;https://www.hydrogen-refueling-solutions.fr/;Hydrogen-Refueling-Solutions SA;7,7;7,35;20,26;0,55
ALBIZ.PA;Communication Services;Advertising Agencies;https://www.obiz-concept.fr/;Obiz S.A.;6;4,57;-4,08;0,37
ALNMR.PA;Technology;Software—Application;https://namr.com/;namR Société anonyme;1,535;0,74;-1,94;0,02
ALODC.PA;Consumer Defensive;Food Distribution;https://www.omerdecugis.com/;Omer-Decugis & Cie SA;3,99;6,81;8,87;0,5
ALAIR.PA;Consumer Cyclical;Furnishings, Fixtures & Appliances;https://www.airwell.com/;Groupe Airwell Société anonyme;4,56;5,76;-11,4;0,1
ALNFL.PA;Healthcare;Biotechnology;https://www.nflbiosciences.com/;NFL Biosciences SA;2,125;0,4;106,25;0,24
ALAGO.PA;Utilities;Utilities—Renewable;https://www.e-pango.com/;E-Pango SA;0,315;0,57;-0,46;0,55
ALESE.PA;Utilities;Utilities—Renewable;https://entech-se.com/;Entech SA;6,86;2,77;4,73;0,69
ALSPT.PA;Consumer Cyclical;Internet Retail;https://www.spartoo.com/;Spartoo SAS;0,554;4,99;0,5;0,4
ALIKO.PA;Healthcare;Medical Devices;https://www.ikonisys.com/;Ikonisys S.A.;1,44;0,08;-4,24;0,8
ALENO.PA;Industrials;Specialty Industrial Machinery;https://www.enogia.com/;Enogia SAS;2;1,69;13,33;0,51
ALPM.PA;Industrials;Specialty Industrial Machinery;https://www.preciamolen.com/;Precia S.A.;32;26,03;5,49;0,65
ALCYB.PA;Consumer Cyclical;Leisure;https://cybergun.com/;Cybergun S.A.;0,0024;0,45;0,03;0,52
ALDOL.PA;Energy;Oil & Gas Equipment & Services;https://www.dolfines.com/;Dolfines SA;0,0011;0;0;0,14
ALMND.PA;Consumer Cyclical;Leisure;https://mnd.com/;Montagne et Neige Développement SA;0,89;1,63;-1,56;0,11
ALAUD.PA;Financial Services;Asset Management;https://www.audacia.fr/;Audacia SA;3,86;4,73;9,9;0,61
ALAFY.PA;Basic Materials;Specialty Chemicals;https://afyren.com/;AFYREN SAS;2,75;2,61;1,68;2,98
ALSMA.PA;Healthcare;Health Information Services;https://smaio.com/;S.M.A.I.O S.A.;3,49;2,46;2,39;1,29
ALICR.PA;Healthcare;Medical Instruments & Supplies;https://www.iceram.fr/;I.CERAM SA;0,71;0;0;0,35
ALACT.PA;Healthcare;Biotechnology;https://www.acticor-biotech.com/;Acticor Biotech SAS;1,04;0,87;-17,33;0,06
ALGRO.PA;Industrials;Metal Fabrication;https://www.grolleau.fr/;Grolleau Société Anonyme;6,76;12,72;7,27;0,44
ALTOO.PA;Industrials;Rental & Leasing Services;https://www.toosla-bourse.com/;Toosla Société Anonyme;0,97;4,47;-0,4;0,02
ALTHO.PA;Technology;Computer Hardware;https://www.metavisio.eu/;Metavisio;0,922;3,53;1,18;0,24
ALKEM.PA;Basic Materials;Specialty Chemicals;https://www.groupeberkem.com/;Groupe Berkem Société anonyme;2,25;4,07;-1,8;0,34
ALALO.PA;Communication Services;Advertising Agencies;https://www.acheter-louer.fr/;Acheter-Louer.Fr SA;0,0002;0;0;0,47
ALHUN.PA;Consumer Cyclical;Specialty Retail;https://www.hunyvers.com/;Hunyvers SA;11,85;19,55;3,48;0,37
ALCBI.PA;Financial Services;Asset Management;https://cbicorp.io/;Crypto Blockchain Industries;0,356;0,04;-11,87;0,57
ALHAF.PA;Utilities;Utilities—Renewable;https://www.haffner-energy.com/;Haffner Energy S.A.;0,8;0,91;1,67;1,13
ALVAZ.PA;;;;;40;0;0;0
ALICA.PA;Technology;Electronic Components;https://www.icape-group.com/;Icape Holding S.A.;9,94;12,84;-3,03;0,27
ALFUM.PA;Communication Services;Advertising Agencies;https://www.fillupmedia.fr/;Fill Up Media S.A.;6,05;6,3;151,25;0,31
ALCWE.PA;Utilities;Utilities—Renewable;https://www.charwood.energy/;Charwood Energy SA;3,88;2,54;4,56;0,76
ALBPK.PA;Technology;Communication Equipment;https://www.broadpeak.tv/;Broadpeak Société anonyme;3,88;0;0;0,51
ALVIN.PA;Basic Materials;Specialty Chemicals;https://www.vinpai.com/;Vinpai SAS;4,79;1,82;-4,99;0,26
ALENI.PA;;;https://finance.yahoo.com/sector/communication_services;;0;0;0;0
ALEUP.PA;Industrials;Waste Management;https://www.europlasma.com/;Europlasma S.A.;0,0009;0,02;-0,09;0,01
ALOPM.PA;Healthcare;Biotechnology;https://www.oncodesign.com/;Oncodesign Precision Medicine Société anonyme;1,3;0;0;0
ALVER.PA;Utilities;Utilities—Independent Power Producers;https://www.vergnet.com/;Vergnet SA;0,255;0;0;0,25
ALCAB.PA;Technology;Consumer Electronics;https://www.cabasse.com/;Cabasse Société anonyme;1,9;0;0;0
ALSAF.PA;Healthcare;Medical Instruments & Supplies;https://www.safeorthopaedics.com/;Safe Orthopaedics SA;0,0006;0;0;0
ALLPL.PA;Consumer Cyclical;Personal Services;https://www.lepermislibre.fr/;Lepermislibre Société anonyme;0,97;0,87;12,12;0,25
ALFLO.PA;Basic Materials;Agricultural Inputs;https://www.florentaise.com/;SAS Florentaise;5,96;10,02;-0,98;0,32
ALTD.PA;Industrials;Aerospace & Defense;https://tonnerdrones.com/;Tonner Drones S.A.;0,0134;0;0;0
ALMCE.PA;Industrials;Specialty Business Services;https://www.moncourtierenergie.com/;Mon Courtier Energie Groupe S.A.;9,34;0;0;0
ALNEV.PA;Healthcare;Biotechnology;https://www.neovacs.com/;Neovacs S.A.;0,198;0;0;0,95
ALBOO.PA;Technology;Consumer Electronics;https://www.boostheat-group.com/;Boostheat SA;1,4402;0;0;0
ALWTR.PA;Industrials;Pollution & Treatment Controls;https://www.osmosun.com/;Osmosun S.A.;7;0;0;0
ALGRE.PA;Consumer Defensive;Food Distribution;https://algreen.fr/;Algreen;0,0002;0;0;0
ALADO.PA;Real Estate;Real Estate Services;https://www.adomos.com/;Adomos S.A.;0,0006;0;0;0
ALPIX.PA;;;https://finance.yahoo.com/sector/consumer_cyclical;;0;0;0;0
ALPHA.PA;Healthcare;Biotechnology;https://pharnext.com/;Pharnext S.C.A.;0,0628;2,22;0;8,16
ALJXR.PA;Technology;Consumer Electronics;https://www.archos.com/;Archos S.A.;0,08;0,39;8;0,4
ALDBT.PA;Industrials;Specialty Industrial Machinery;https://www.dbt.fr/;DBT SA;1,41;4,11;-1,29;0,38
ALGEC.PA;Technology;Software—Infrastructure;https://www.geci.net/;GECI International S.A.;4,4395;0;0;0,16
ALSTI.PA;;;;;11;0;0;0,64
ALSPW.PA;Healthcare;Medical Instruments & Supplies;https://www.spineway.com/;Spineway SA;0,5344;10,65;0,3;0,78
ALRPD.PA;Healthcare;Drug Manufacturers—Specialty & Generic;https://www.rnplc.com/;Rapid Nutrition PLC;0,0724;0,19;3,62;0,42
ALHGO.PA;Financial Services;Asset Management;https://hamiltongo.eu/;Hamilton Global Opportunities PLC;43,2;0;0;1,04
ALAMA.PA;Healthcare;Health Information Services;https://www.amaxperteye.com/;AMA Corporation Plc;0,226;0,24;2,83;1,7
ALEAC.PA;Industrials;Specialty Business Services;https://www.ediliziacrobatica.com/;EdiliziAcrobatica S.p.A.;10,95;17,4;-6,26;0,21
ALSEI.PA;Communication Services;Publishing;https://www.seif-spa.it/;Società Editoriale Il Fatto S.p.A.;0,25;0,35;-0,56;0,05
ALKER.PA;;;https://finance.yahoo.com/sector/consumer_cyclical;;0;0;0;0
ALIE.PA;Communication Services;Entertainment;https://ilbegroup.it/;Iervolino & Lady Bacardi Entertainment S.p.A.;1,12;3,45;0;0,48
ALMEX.PA;Financial Services;Asset Management;https://www.mexedia.com/;Mexedia Società Per Azioni S.B.;13,3;17,84;-95;0,4
ALRFG.PA;Consumer Cyclical;Leisure;https://racingforce.com/;Racing Force S.P.A.;3,86;2,48;5,59;0,67
ALTTU.PA;Technology;Software—Application;https://www.tatatu.com/;Tatatu S.p.A.;5,6;0,18;-140;0,18
ALPER.PA;Consumer Cyclical;Apparel Manufacturing;https://laperlafashionholding.com/;La Perla Fashion Holding N.V.;7,2;0;0;0
ALTME.PA;Healthcare;Biotechnology;https://www.tmepharma.com/;TME Pharma N.V.;0,2385;0,09;-23,85;1,2
