ISIN;nom;ticker
AT00000FACC2f;FACC AG;FACC
AT0000606306f;Raiffeisen Bank International AG;RAW
AT0000609607f;PORR AG;ABS2
AT0000644505f;Lenzing Aktiengesellschaft;LEN
AT0000652011f;Erste Group Bank AG;EBO
AT0000720008f;Telekom Austria AG;TA1
AT0000730007f;Andritz AG;AZ2
AT0000743059f;OMV Aktiengesellschaft;OMV
AT0000746409f;VERBUND AG;OEWA
AT0000785407f;Fabasoft AG;FAA
AT0000785555f;Semperit Aktiengesellschaft Holding;SEW
AT0000821103f;UNIQA Insurance Group AG;UN9
AT0000831706f;Wienerberger AG;WIB
AT0000837307f;Zumtobel Group AG;T9Z
AT0000922554f;Rosenbauer International AG;ROI
AT0000937503f;Voestalpine AG;VAS
AT0000969985f;AT&S Austria Technologie & Systemtechnik AG;AUS
AT0000A0E9W5f;Kontron AG;KTN
AT0000A25NJ6f;Wolftank Adisa Holding AG;WAH
AT0000APOST4f;Österreichische Post AG;O3P
AT0000BAWAG2f;Bawag Group AG;0B2
AT000AGRANA3f;Agrana Beteiligungs AG;AGB2
ATFREQUENT09f;Frequentis AG;FQT
BE0974293251f;Anheuser-Busch InBev SA/NV;1NBA
CA0679011084f;Barrick Gold Corp;ABR
CA32076V1031f;First Majestic Silver Corp;FMV
CA4969024047f;Kinross Gold Corporation;KIN2
CA9628791027f;Wheaton Precious Metals Corp;SII
CH0006539198f;Highlight Communica;HLG
CH0038389992f;BB Biotech AG;BBZA
CH0303692047f;EDAG Engineering Group AG;ED4
CNE1000031C1f;Qingdao Haier Co Ltd;690D
DE0001218063f;FinLab AG;A7A
DE0001262152f;B+S Banksysteme Aktiengesellschaft;DTD2
DE0005088108f;Baader Bank Aktiengesellschaft;BWB
DE0005089031f;United Internet AG;UTDI
DE0005093108f;Amadeus Fire AG;AAD
DE0005102008f;Basler AG;BSL
DE0005103006f;ADVA Optical Networ;ADV
DE0005104400f;Atoss Software AG;AOF
DE0005104806f;Syzygy AG;SYZ
DE0005110001f;All for One Steeb A;A1OS
DE0005118806f;Telegate AG;TGT
DE0005137004f;q.beyond AG;QBY
DE0005140008f;Deutsche Bank AG;DBK
DE0005146807f;Delticom AG;DEX
DE0005156236f;Schweizer Electroni;SCE
DE0005157101f;Dr Hoenle AG;HNL
DE0005158703f;Bechtle AG;BC8
DE0005167902f;3U Holding AG;UUU
DE0005176903f;Surteco SE;SUR
DE0005178008f;Softing AG;SYT
DE0005181606f;Weng Fine Art AG;WFA
DE0005190003f;BMW;BMW
DE0005190037f;Bayerische Motoren ;BMW3
DE0005194005f;BayWa AG;BYW
DE0005194062f;BayWa AG;BYW6
DE0005199905f;LUDWIG BECK am Rathauseck - Textilhaus Feldmeier A;ECK
DE0005200000f;Beiersdorf AG;BEI
DE0005201602f;Berentzen-Gruppe AG;BEZ
DE0005202303f;Quirin Privatbank AG;QB7
DE0005203947f;BRAIN Biotechnology Research & Information Network;BNN
DE0005209589f;artec technologies AG;A6T
DE0005218309f;Mobotix AG;MBQ
DE0005220008f;EnBW Energie Baden-Württemberg AG;EBK
DE0005220909f;Nexus AG;NXU
DE0005228779f;Orbis AG;OBS
DE0005229504f;Bijou Brigitte AG;BIJ
DE0005232805f;Bertrandt AG;BDT
DE0005250005f;Heidelberger Beteiligungsholding AG;IPOK
DE0005313506f;Energiekontor AG;EKT
DE0005313704f;Carl Zeiss Meditec ;AFX
DE0005403901f;Cewe Color Holding ;CWC
DE0005407100f;CENIT Aktiengesellschaft;CSH
DE0005407407f;CeoTronics AG;CEK
DE0005408686f;ÖKOWORLD AG;VVV3
DE0005419105f;CANCOM AG;COK
DE0005437305f;CompuGroup Medical ;COP
DE0005439004f;Continental AG;CON
DE0005470306f;CTS Eventim AG;EVD
DE0005470405f;Lanxess AG;LXS
DE0005479307f;Varengold Bank AG;VG8
DE0005489561f;UNITEDLABELS Aktiengesellschaft;ULC
DE0005492938f;Masterflex SE;MZX
DE0005493092f;Borussia Dortmund G;BVB
DE0005493365f;Hypoport AG;HYQ
DE0005495626f;Geratherm Medical AG;GME
DE0005498901f;Data Modul AG;DAM
DE0005533400f;Deutsche Grundstücksauktionen AG;DGR
DE0005545503f;1&1 AG;1U1
DE0005550602f;Draegerwerk AG & Co;DRW8
DE0005550636f;Draegerwerk AG & Co;DRW3
DE0005552004f;Deutsche Post AG;DHL
DE0005557508f;Deutsche Telekom AG;DTE
DE0005558696f;paragon AG;PGN
DE0005565204f;Duerr AG;DUE
DE0005570808f;UmweltBank AG;UBK
DE0005580005f;Dierig Holding AG;DIE
DE0005649503f;Edel SE & Co. KGaA;EDL
DE0005659700f;Eckert & Ziegler AG;EUZ
DE0005664809f;Evotec AG;EVT
DE0005677108f;Elmos Semiconductor;ELG
DE0005754402f;LS telcom AG;LSX
DE0005759807f;Init Innovation In ;IXX
DE0005760029f;ABO Wind AG;AB9
DE0005772206f;Fielmann AG;FIE
DE0005773303f;Fraport AG;FRA
DE0005774103f;FORTEC Elektronik AG;FEV
DE0005775803f;FORIS AG;FRS
DE0005785604f;Fresenius SE & Co K;FRE
DE0005785802f;Fresenius Medical C;FME
DE0005790406f;Fuchs Petrolub AG;FPE
DE0005790430f;Fuchs Petrolub AG;FPE3
DE0005800601f;GFT Technologies AG;GFT
DE0005810055f;Deutsche Boerse AG;DB1
DE0005854343f;Ecotel Communicatio;E4C
DE0005855183f;MS Industrie AG;MSAG
DE0005874846f;InTiCa Systems AG;IS7
DE0005878003f;Gildemeister AG;GIL
DE0005895403f;Grammer AG;GMM
DE0005909006f;Bilfinger Berger SE;GBF
DE0005932735f;YOC AG;YOC
DE0005936124f;OHB AG;OHB
DE0006042708f;Hawesko Holding AG;HAW
DE0006044001f;Maternus-Kliniken Aktiengesellschaft;MAK
DE0006047004f;HeidelbergCement AG;HEI
DE0006048408f;Henkel AG & Co KGaA;HEN
DE0006048432f;Henkel AG & Co KGaA;HEN3
DE0006061104f;HMS Bergbau AG;HMU
DE0006062144f;Covestro AG;1COV
DE0006070006f;Hochtief AG;HOT
DE0006083405f;Hornbach Holding AG & Co KGaA;HBH
DE0006200108f;Indus Holding AG;INH
DE0006201106f;FRIWO AG;CEA
DE0006202005f;Salzgitter AG;SZG
DE0006204589f;mVISE AG;C1V
DE0006208408f;KAP AG;IUR
DE0006214687f;Müller - Die lila Logistik AG;MLL
DE0006219934f;Jungheinrich AG;JUN3
DE0006223407f;ProCredit Holding AG & Co KGaA;PCZ
DE0006223605f;Intertainment AG;ITN
DE0006229107f;Jenoptik AG;JEN
DE0006231004f;Infineon Technologies AG;IFX
DE0006286560f;OVB Holding AG;O4B
DE0006289309f;iShares EURO STOXX Banks 30-15 UCITS ETF (DE);EXX1
DE0006292006f;KSB AG;KSB
DE0006292030f;KSB AG;KSB3
DE0006305006f;Deutz AG;DEZ
DE0006335003f;Krones AG;KRN
DE0006450000f;LPKF Laser & Electr;LPK
DE0006452907f;Nemetschek AG;NEM
DE0006464506f;Leifheit AG;LEI
DE0006569403f;ALBIS Leasing AG;ALG
DE0006569908f;MLP AG;MLP
DE0006577109f;NanoRepro AG;NN6
DE0006578008f;KHD Humboldt Wedag International AG;KWG
DE0006580806f;Mensch und Maschine Software SE;MUM
DE0006595101f;MEDICLIN Aktiengesellschaft;MED
DE0006599905f;Merck KGaA;MRK
DE0006602006f;GEA Group AG;G1A
DE0006627201f;Muehlbauer Holding AG;MUB
DE0006766504f;Aurubis AG;NDA
DE0006916604f;Pfeiffer Vacuum Tec;PFV
DE0006942808f;Scherzer & Co. AG;PZS
DE0006968001f;Progress-Werk Oberk;PWO
DE0006969603f;Puma SE;PUM
DE0007008906f;RealTech AG;RTC
DE0007010803f;Rational AG;RAA
DE0007030009f;Rheinmetall AG;RHM
DE0007037129f;RWE;RWE
DE0007042301f;Rhoen Klinikum AG;RHK
DE0007074007f;KWS Saat AG;KWS
DE0007100000f;Mercedes-Benz Groug AG;MBG
DE0007164600f;SAP AG;SAP
DE0007165607f;Sartorius AG;SRT
DE0007165631f;Sartorius AG;SRT3
DE0007193500f;Koenig & Bauer AG;SKB
DE0007201907f;First Sensor AG;SIS
DE0007203705f;SNP Schneider-Neureither & Partner AG;SHF
DE0007229007f;Schloss Wachenheim ;SWA
DE0007231326f;Sixt AG;SIX2
DE0007231334f;Sixt AG VZO O.N.;SIX3
DE0007235301f;SGL Carbon SE;SGL
DE0007236101f;Siemens AG;SIE
DE0007257503f;Ceconomy;CEC
DE0007274136f;STO SE & Co KGaA;STO3
DE0007276503f;Secunet Security Networks AG;YSN
DE0007297004f;Suedzucker AG;SZU
DE0007314007f;Heidelberger Druckm;HDD
DE0007446007f;Takkt AG;TTK
DE0007448508f;IVU Traffic Technol;IVU
DE0007461006f;PVA TePla AG;TPE
DE0007480204f;Deutsche Euroshop A;DEQ
DE0007493991f;Stroer Out-of-Home ;SAX
DE0007500001f;ThyssenKrupp AG;TKA
DE0007501009f;TTL Beteiligungs- und Grundbesitz-AG;TTO
DE0007507501f;Washtec AG;WSU
DE0007551509f;Uzin Utz AG;UZU
DE0007568578f;SFC Energy AG;F3C
DE0007657231f;Villeroy & Boch AG;VIB3
DE0007664005f;Volkswagen AG;VOW
DE0007664039f;Volkswagen AG;VOW3
DE0007667107f;Vossloh AG;VOS
DE0007830572f;Daldrup & Söhne Aktiengesellschaft;4DS
DE0007846867f;Viscom AG;V6C
DE0007856023f;ElringKlinger AG;ZIL2
DE0007857476f;Klassik Radio AG;KA8
DE0008019001f;Deutsche Pfandbriefbank AG;PBB
DE0008041005f;Deutsche Effecten- und Wechsel-Beteiligungsgesells;EFF
DE0008051004f;Wuestenrot & Wuertt;WUW
DE0008148206f;Merkur PrivatBank KgaA;MBK
DE0008232125f;Deutsche Lufthansa ;LHA
DE0008303504f;TAG Immobilien AG;TEG
DE0008402215f;Hannover Rueckversi;HNR1
DE0008404005f;Allianz SE;ALV
DE0008430026f;Muenchener Rueckver;MUV2
DE0008435967f;Nuernberger Beteili;NBG6
DE000A0B9N37f;JDC Group AG;JDC
DE000A0BL849f;VITA 34 AG;V3V
DE000A0D6554f;Nordex SE;NDX1
DE000A0D9PT0f;MTU Aero Engines Ho;MTX
DE000A0DJ6J9f;SMA Solar Technolog;S92
DE000A0DNAY5f;bet-at-home.com AG;ACX
DE000A0ETBQ4f;MBB Industries AG;MBB
DE000A0F5UH1f;iShares STOXX Global Select Dividend 100 UCITS ETF (DE);ISPA
DE000A0H08L5f;iShares STOXX Europe 600 Media UCITS ETF (DE);EXH6
DE000A0H52F5f;MVV Energie AG;MVV1
DE000A0HGQS8f;Plan Optik AG;P4O
DE000A0HHJR3f;Cliq Digital AG;CLIQ
DE000A0HL8N9f;2G Energy AG;2GB
DE000A0HN5C6f;Deutsche Wohnen AG;DWNI
DE000A0HNF96f;InCity Immobilien AG;IC8
DE000A0JBPG2f;PNE Wind AG;PNE3
DE000A0JC8S7f;Datagroup SE;D6H
DE000A0JDBC7f;Limes Schlosskliniken AG;LIK
DE000A0JJTG7f;Gateway Real Estate AG;GTY
DE000A0JL9W6f;VERBIO Vereinigte B;VBK
DE000A0JM2M1f;Blue Cap AG;B7E
DE000A0KFKH0f;elexxion AG;E8X
DE000A0KPPR7f;Nabaltec AG;NTG
DE000A0LBFE4f;Mevis Medical Solut;M3V
DE000A0LBKW6f;UET United Electronic Technology AG;CFC
DE000A0LD6E6f;Gerresheimer AG;GXI
DE000A0LR4P1f;HWA AG;H9W
DE000A0LR936f;Steico SE;ST5
DE000A0LR9G9f;Exasol AG;EXL
DE000A0M93V6f;Advanced Blockchain AG;BWQ
DE000A0MSN11f;Nynomic AG;M7U
DE000A0MVLS8f;EnviTec Biogas AG;ETG
DE000A0MZ4B0f;Delignit AG;DLX
DE000A0N4N52f;NFON AG;NFN
DE000A0S8488f;Hamburger Hafen und;HHFA
DE000A0SMU87f;Northern Data AG;NB2
DE000A0STSQ8f;M1 Kliniken AG;M12
DE000A0V9LA7f;DATRON AG;DAR
DE000A0WMPJ6f;Aixtron SE NA;AIXA
DE000A0XFSF0f;DEMIRE Real Estate ;DMRE
DE000A0XYG76f;Deutsche Rohstoff AG;DR0
DE000A0XYGA7f;Technotrans AG;TTR1
DE000A0XYHT5f;IBU tec advanced materials AG;IBU
DE000A0Z1JH9f;PSI AG Gesellschaft;PSAN
DE000A0Z23Q5f;Adesso AG;ADN1
DE000A0Z2ZZ5f;Freenet AG;FNTN
DE000A11Q059f;Elumeo SE;ELB
DE000A11QVV0f;Heidelberg Pharma AG;HPHA
DE000A11QW68f;7C Solarparken AG;HRPK
DE000A12DM80f;Scout24 Holding GmbH;G24
DE000A12UK08f;Mountain Alliance AG;ECF
DE000A12UP37f;NorCom Information Technology AG;NC5A
DE000A12UPJ7f;Pantaflix AG;PAL
DE000A13SUL5f;Defama Deutsche Fachmarkt AG;DEF
DE000A13SX22f;Hella KGaA Hueck & ;HLE
DE000A14KRD3f;Deutsche Konsum REIT-AG;DKG
DE000A161077f;Ernst Russ AG;HXCK
DE000A161408f;HelloFresh AG;HFG
DE000A161N14f;Your Family Entertainment AG;RTV
DE000A161N30f;Grenkeleasing AG;GLJ
DE000A161NR7f;NAGA Group AG;N4G
DE000A1681X5f;Singulus Technologies AG;SNG
DE000A168205f;Shareholder Value Beteiligungen AG;SVE
DE000A1A6V48f;KPS AG;KSC
DE000A1A6WE6f;DocCheck AG;AJ91
DE000A1DAHH0f;Brenntag AG;BNR
DE000A1EMHE0f;Tonkens Agrar AG;GTK
DE000A1EWVY8f;Formycon AG;FYB
DE000A1EWWW0f;Adidas AG;ADS
DE000A1EWXA4f;clearvise AG;ABO
DE000A1H8BV3f;NORMA Group;NOEJ
DE000A1K0201f;Gesco AG;GSC1
DE000A1K0235f;Suss Microtec AG;SMHN
DE000A1K0375f;artnet AG Namens-Aktien o.N.;ART
DE000A1ML7J1f;VONOVIA;VNA
DE000A1MMCC8f;Medios AG;ILM1
DE000A1MME74f;Netfonds AG;NF4
DE000A1PHBB5f;R Stahl AG;RSL2
DE000A1PHFF7f;Hugo Boss AG;BOSS
DE000A1RFMY4f;Rcm Beteiligungs AG;RCMN
DE000A1RFMZ1f;SM Wirtschaftsberatungs AG;SMWN
DE000A1TNNN5f;A.S. Creation Tapeten AG;ACWN
DE000A1TNU68f;STS Group AG;SF3
DE000A1TNUT7f;Deutsche Beteiligun;DBAN
DE000A1TNV91f;Bitcoin Group SE;ADE
DE000A1TNWJ4f;MPC Muenchmeyer Petersen Capital AG;MPCK
DE000A1X3WX6f;ERWE Immobilien AG;ERWE
DE000A1X3XX4f;DIC Asset AG;DIC
DE000A1X3YY0f;Bastei Lubbe AG;BST
DE000A1YC913f;FCR Immobilien AG;FC9
DE000A254211f;Intershop Communications AG;ISHA
DE000A254W52f;Pyramid AG;M3BK
DE000A255F11f;Friedrich Vorwerk Group SE;VH2
DE000A255G02f;Enapter AG;H2O
DE000A289B07f;TELES Informationstechnologien AG;TLIK
DE000A289V03f;MPH Health Care AG;93M1
DE000A2AA204f;DF Deutsche Forfait AG;DFTK
DE000A2AAA75f;Seven Principles AG;T3T1
DE000A2BPK34f;Net Digital AG;VRL
DE000A2DA588f;MAX Automation AG;MXHN
DE000A2DAM03f;Aumann AG;AAG
DE000A2E4K43f;Delivery Hero AG;DHER
DE000A2E4MK4f;Noratis AG;NUVA
DE000A2E4SV8f;CYAN AG;CYR
DE000A2E4T77f;H&R GmbH & Co KGaA;2HRA
DE000A2G8X31f;Serviceware SE;SJJ
DE000A2GS5D8f;Dermapharm Holding SE;DMP
DE000A2GS625f;CR Capital AG;CRZK
DE000A2GS633f;Allgeier SE;AEIN
DE000A2GSU42f;Brockhaus Capital Mgmt AG;BKHT
DE000A2LQ884f;AUTO1 Group SE;AG1
DE000A2N4H07f;Westwing Group AG;WEW
DE000A2NB650f;Mutares AG;MUX
DE000A2NBX80f;Instone Real Estate Group AG;INS
DE000A2P4HL9f;123fahrschule SE;123F
DE000A2P4LJ5f;PharmaSGP Holding SE;PSG
DE000A2YN504f;Knaus Tabbert AG;KTA
DE000A2YN702f;UMT United Mobility Technology AG;UMDK
DE000A2YN777f;pferdewetten.de AG;EMH
DE000A2YN900f;TeamViewer AG;TMV
DE000A2YNT30f;AlzChem Group AG;ACT
DE000A2YPDD0f;VIB Vermoegen AG;VIH1
DE000A3CM708f;SDM SE;75S
DE000A3CMGM5f;Apontis Pharma AG;APPH
DE000A3CMGN3f;hGears AG;HGEA
DE000A3CNK42f;ABOUT YOU Holding AG;YOU
DE000A3CQ7F4f;Bike24 Holding AG;BIKE
DE000A3CRRN9f;Cherry AG;C3RY
DE000A3CSAE2f;Mister Spex SE;MRX
DE000A3E5A59f;SynBiotic SE;SBX
DE000A3E5C24f;MHP Hotel AG;CDZ0
DE000A3E5E55f;Ringmetall SE;HP3A
DE000A3E5ED2f;Veganz Group AG;VEZ
DE000A3H2101f;AAP Implantate AG;AAQ1
DE000A3H2135f;Binect AG;MA10
DE000A3H2200f;Nagarro SE;NA9
DE000A3H2333f;Hamborner REIT AG;HABA
DE000A3H3L44f;2invest AG;2INV
DE000BASF111f;BASF SE;BAS
DE000BAY0017f;Bayer AG;BAYN
DE000CBK1001f;Commerzbank AG;CBK
DE000DTR0CK8f;Daimler Truck Hldg;DTG
DE000DWS1007f;DWS Group GmbH & Co KGaA;DWS
DE000ENAG999f;E.ON AG;EOAN
DE000ENER6Y0f;Siemens Energy AG;ENR
DE000EVNK013f;Evonik Industries A;EVK
DE000FPH9000f;Francotyp-Postalia ;FPH
DE000FTG1111f;FlatexDegiro AG;FTK
DE000HAG0005f;Hensoldt AG;HAG
DE000HLAG475f;Hapag-Lloyd AG;HLAG
DE000JST4000f;JOST Werke AG;JST
DE000KBX1006f;Knorr-Bremse AG;KBX
DE000KC01000f;Kloeckner & Co SE;KCO
DE000KGX8881f;KION Group AG;KGX
DE000KSAG888f;K+S AG;SDF
DE000LEG1110f;LEG Immobilien AG;LEG
DE000LS1LUS9f;Lang & Schwarz Aktiengesellschaft;LUS1
DE000PAG9113f;Porsche AG;P911
DE000PAH0038f;Porsche Automobil H;PAH3
DE000PAT1AG3f;Patrizia Immobilien;PAT
DE000PSM7770f;ProSiebenSat.1 Medi;PSM
DE000RENK730f;Renk Group;R3NK
DE000SHA0159f;Schaeffler AG;SHA0
DE000SHL1006f;Siemens Healthineers AG;SHL
DE000STRA555f;STRATEC Biomedical AG;SBS
DE000SYM9999f;Symrise AG;SY1
DE000TKMS001f;TKMS;TKMS
DE000TLX1005f;Talanx AG;TLX
DE000TRAT0N7f;Traton SE;8TRA
DE000TUAG000f;TUI AG;TUI1
DE000WACK012f;Wacker Neuson SE;WAC
DE000WAF3001f;Siltronic AG;WAF
DE000WCH8881f;Wacker Chemie AG;WCH
DE000ZAL1111f;Zalando SE;ZAL
DE000ZEAL241f;Zeal Network SE;TIMA
DK0060448595f;Coloplast A/S;CBHD
DK0061539921f;Vestas Wind Systems A/S;VWSB
ES0148396007f;Industria de Diseno Textil SA;IXD1
FI0009000681f;Nokia Corporation;NOA3
FI4000297767f;Nordea Bank Abp;04Q
FR0000120073f;Air Liquide SA;AIL
FR0000120321f;L'Oreal S.A.;LOR
FR0000121014f;LVMH Moët Hennessy - Louis Vuitton Societe Europee;MOH
FR0000133308f;Orange SA;FTE
GB00BH4HKS39f;Vodafone Group PLC;VODI
GB00BP6MXD84f;Shell PLC;R6C0
IE0002Y8CX98f;WisdomTree Europe Defence UCITS ETF EUR Unhedged Acc;EUDF
IE0007Y8Y157f;VanEck Quantum Computing UCITS ETF A;QUTM
IE000KYX7IP4f;Amundi S&P Global Financials ESG UCITS ETF DR EUR (A);WELK
IE000NDWFGA5f;Global X Uranium UCITS ETF USD Accumulating;URNU
IE000S9YS762f;Linde AG;LIN
IE00B3F81409f;iShares Core Global Aggregate Bond UCITS ETF USD (Dist);EUNU
IE00B4ND3602f;iShares Physical Gold ETC;PPFB
IE00B5MJYX09f;Invesco European Industrials Sector UCITS ETF Acc;SC0S
IE00B6QGFW01f;iShares Emerging Asia Local Government Bond UCITS ETF;IS0S
IE00BD8PGZ49f;iShares USD Treasury Bond 20+yr UCITS ETF EUR Hedged (Dist);IUSV
IE00BDVPNG13f;WisdomTree Artificial Intelligence UCITS ETF USD Acc;WTI2
IE00BGV5VN51f;Xtrackers Artificial Intelligence & Big Data UCITS ETF 1C 1C;XAIX
IE00BJ5JPG56f;iShares MSCI China UCITS ETF USD (Acc);ICGA
IE00BKBF6H24f;iShares Core MSCI World UCITS ETF EUR Hedged (Dist);IWLE
IE00BL25JP72f;Xtrackers MSCI World Momentum UCITS ETF 1C;XDEM
IE00BMYDM794f;L&G Hydrogen Economy UCITS ETF USD Acc;HTMW
IE00BSKRJZ44f;iShares USD Treasury Bond 20+yr UCITS ETF USD (Dist);IS04
IE00BTN1Y115f;Medtronic PLC;2M6
IE00BWZN1T31f;iShares MSCI EMU USD Hedged UCITS ETF (Acc);CEBP
IE00BYTBXV33f;Ryanair Holdings plc;RY4C
IE00BZ048462f;iShares USD Floating Rate Bond UCITS ETF;QDVY
IT0003128367f;Enel SpA;ENL
IT0005239360f;UniCredit SpA;CRIN
LU0061462528f;RTL Group SA;RRTL
LU0251710041f;Cpi Property Group SA;O5G
LU0307018795f;SAF-Holland SA;SFQ
LU0592217524f;Xtrackers MSCI EFM Africa Top 50 Capped Swap UCITS ETF 1C;XMKA
LU0643975161f;Xtrackers II Germany Government Bond UCITS ETF 1C;X03G
LU0775917882f;Grand City Properties SA;GYC
LU1066226637f;Stabilus SA;STM
LU1250154413f;ADO Properties SA;ADJ
LU1296758029f;Corestate Capital Holding SA;CCAP
LU1407888137f;Amundi US Treasury Bond 7-10Y UCITS ETF EUR Hedged Acc;7USH
LU1618151879f;Logwin AG;TGHN
LU1673108939f;Aroundtown SA;AT1
LU1704650164f;Befesa SA;BFSA
LU1778762911f;Spotify Technology SA;639
LU2010095458f;Global Fashion Group SA;GFG
LU2333563281f;Tonies SE;TNIE
NL0000009538f;Koninklijke Philips NV;PHI1
NL0000235190f;Airbus SE;AIR
NL0000238145f;ad pepper media International N.V;APM
NL0010273215f;ASML Holding NV;ASME
NL0011794037f;Koninklijke Ahold Delhaize NV;AHOG
NL0011821202f;ING Groep NV;INN1
NL0012169213f;QIAGEN NV;QIA
NL00150001Q9f;Stellantis NV;8TI
NL0015436031f;CureVac NV;5CV
US00287Y1091f;AbbVie Inc;4AB
US00486H1059f;ADTRAN Holdings Inc.;QH9
US0079031078f;Advanced Micro Devices Inc;AMD
US01609W1027f;Alibaba Group Holding Ltd;AHLA
US02079K3059f;Alphabet Inc Class A;ABEA
US0311621009f;Amgen Inc.;AMG
US0378331005f;Apple Inc;APC
US0394831020f;Archer-Daniels-Midland Company;ADM
US0605051046f;Bank of America Corp;NCB
US08862E1091f;Beyond Meat Inc;0Q3
US09075V1026f;BioNTech SE;22UA
US1491231015f;Caterpillar Inc;CAT1
US1729674242f;Citigroup Inc;TRVC
US1912161007f;The Coca-Cola Company;CCC3
US19260Q1076f;Coinbase Global Inc;1QZ
US2546871060f;The Walt Disney Company;WDP
US30303M1027f;Meta Platforms Inc;FB2A
US31428X1063f;FedEx Corporation;FDX
US3703341046f;General Mills Inc;GIS
US40434L1052f;HP Inc;7HP
US4062161017f;Halliburton Company;HAL
US4581401001f;Intel Corporation;INL
US4592001014f;International Business Machines;IBM
US4781601046f;Johnson & Johnson;JNJ
US5007541064f;Kraft Heinz Co;KHNZ
US5324571083f;Eli Lilly and Company;LLY
US5398301094f;Lockheed Martin Corporation;LOM
US55087P1049f;LYFT Inc;LY0
US57636Q1040f;Mastercard Inc;M4I
US58933Y1055f;Merck & Co. Inc;6MK
US5949181045f;Microsoft Corporation;MSF
US6541061031f;Nike Inc;NKE
US70450Y1038f;PayPal Holdings Inc;2PP
US7134481081f;PepsiCo Inc;PEP
US7170811035f;Pfizer Inc;PFE
US7181721090f;Philip Morris International Inc;4I1
US72919P2020f;Plug Power Inc;PLUN
US75513E1010f;Raytheon Technologies Corp;5UR
US79466L3024f;Salesforce.com Inc;FOO
US83304A1060f;Snap Inc;1SI
US88160R1014f;Tesla Inc;TL0
US88579Y1010f;3M Company;MMM
US91324P1021f;UnitedHealth Group Incorporated;UNH
US92343V1044f;Verizon Communications Inc.;BAC
US92826C8394f;Visa Inc;3V64
US9311421039f;Walmart Inc;WMT
US9314271084f;Walgreens Boots Alliance Inc;W8A
US94106L1098f;Waste Management Inc.;UWS
XS2434891219f;Fidelity Physical Bitcoin ETP;FBTC
AU00000088E2e;88 Energy Limited;88E
AU000000S320e;South32 Ltd;S32
AU0000XINAJ0e;Seeing Machines Limited;SEE
BMG4209G2077e;Gulf Keystone Petroleum Ltd;GKP
BMG4593F1389e;Hiscox Ltd;HSX
BMG5361W1047e;Lancashire Holdings;LRE
BMG702781094e;Petra Diamonds Ltd;PDL
BMG931151069e;Utilico Emerging Ma;UEM
CH0198251305e;Coca-Cola HBC AG;CCH
ES0113211835e;Banco Bilbao Vizcaya Argentaria SA;BVA
ES0113900J37e;Banco Santander SA;BNC
ES0177542018e;International Conso;IAG
FR001400T0D6e;Canal+;CAN
GB0000066554e;Aberforth Smaller C;ASL
GB0000163088e;Speedy Hire PLC;SDY
GB0000293620e;North American Inco;NAIT
GB0000353929e;City Natural Resour;CYN
GB0000365774e;Anglo-Eastern Plant;AEP
GB0000385517e;Biotech Growth Trus;BIOG
GB0000456144e;Antofagasta PLC;ANTO
GB0000485838e;Baillie Gifford Jap;BGFD
GB0000536739e;Ashtead Group PLC;AHT
GB0000600931e;Braemar Shipping Se;BMS
GB0000667013e;Avon Rubber PLC;AVON
GB0000706274e;Baillie Gifford Shi;BGS
GB0000767003e;Bankers Investment ;BNKR
GB0000904986e;Bellway PLC;BWY
GB0000961622e;Balfour Beatty PLC;BBY
GB0001367019e;British Land Co PLC;BLND
GB0001490001e;Brunner Investment ;BUT
GB0001500809e;Tullow Oil PLC;TLW
GB0001570810e;Xaar PLC;XAR
GB0001638955e;JD Wetherspoon PLC;JDW
GB0001639920e;Caledonia Investmen;CLDN
GB0001738615e;Capital Gearing Tru;CGT
GB0001751915e;Carclo PLC;CAR
GB0001771426e;accesso Technology Group plc;ACSO
GB0001795680e;Castings PLC;CGS
GB0001826634e;Diploma PLC;DPLM
GB0002018363e;Clarkson PLC;CKN
GB0002074580e;Genus PLC;GNS
GB0002148343e;Rathbone Brothers P;RAT
GB0002162385e;Aviva PLC;AV
GB0002258472e;Manchester & London Investment Trust PLC;MNL
GB0002318888e;Cranswick PLC;CWK
GB0002374006e;Diageo PLC;DGE
GB0002405495e;Schroders PLC;SDR
GB0002418548e;Elementis PLC;ELM
GB0002634946e;BAE Systems PLC;BA
GB0002652740e;Derwent London PLC;DLN
GB0002869419e;Big Yellow Group PL;BYG
GB0002875804e;British American Tobacco;BATS
GB0003052338e;Edinburgh Investmen;EDIN
GB0003308607e;Spectris PLC;SXS
GB0003385308e;Worldwide Healthcar;WWH
GB0003390720e;Allianz Technology ;ATT
GB0003395000e;James Fisher & Sons;FSJ
GB0003406096e;Dunedin Income Grow;DIG
GB0003452173e;Firstgroup PLC;FGP
GB0003718474e;Games Workshop Grou;GAW
GB0003781050e;Goodwin PLC;GDWN
GB0003921052e;HgCapital Trust PLC;HGT
GB0004052071e;Halma PLC;HLMA
GB0004082847e;Standard Chartered ;STAN
GB0004148507e;PANTHEON INTERNATIO;PIN
GB0004161021e;Hays PLC;HAS
GB0004170089e;Headlam Group PLC;HEAD
GB0004220025e;Polar Capital Techn;PCT
GB0004228648e;Herald Investment T;HRI
GB0004270301e;Hill & Smith Holdin;HILS
GB0004478896e;Hunting PLC;HTG
GB0004543517e;Montanaro European ;MTE
GB0004559349e;International Biote;IBT
GB0004657408e;Mitie Group PLC;MTO
GB0004726096e;Spirent Communicati;SPT
GB0004866223e;Keller Group PLC;KLR
GB0004915632e;Kier Group PLC;KIE
GB0005368062e;Lowland Investment ;LWI
GB0005405286e;HSBC Holdings PLC;HSBA
GB0005518872e;Macfarlane Group PLC;MACF
GB0005555221e;Majedie Investments;MAJE
GB0005576813e;Howden Joinery Grou;HWDN
GB0005603997e;Legal & General Gro;LGEN
GB0005630420e;Mears Group PLC;MER
GB0005746358e;McBride PLC;MCB
GB0005774855e;BlackRock World Min;BRWM
GB0005794036e;Mercantile Investme;MRC
GB0005800072e;Merchants Trust PLC;MRCH
GB0006007560e;Montanaro UK Smalle;MTU
GB0006027295e;Morgan Crucible Co ;MGAM
GB0006081037e;Mountview Estates P;MTVW
GB0006108418e;Schroder UK Mid Cap;SCP
GB0006111123e;Murray Income Trust;MUT
GB0006111909e;Murray Internationa;MYI
GB0006436108e;BlackRock Smaller C;BRSC
GB0006439003e;North Atlantic Smal;NAS
GB0006640972e;4imprint Group PLC;FOUR
GB0006648157e;Oxford Biomedica PLC;OXB
GB0006650450e;Oxford Instruments ;OXIG
GB0006667470e;Pacific Horizon Inv;PHI
GB0006674385e;Pacific Assets Trus;PAC
GB0006731235e;Associated British ;ABF
GB0006776081e;Pearson PLC;PSON
GB0006825383e;Persimmon PLC;PSN
GB0006827546e;Personal Assets Tru;PNL
GB0006928617e;Unite Group PLC;UTG
GB0006963689e;Porvair PLC;PRV
GB0007099541e;Prudential PLC;PRU
GB0007188757e;Rio Tinto PLC;RIO
GB0007323586e;Renishaw PLC;RSW
GB0007325078e;Renold PLC;RNO
GB0007366395e;RIT Capital Partner;RCP
GB0007370074e;Ricardo PLC;RCDO
GB0007388407e;Liontrust Asset Man;LIO
GB0007655037e;S&U PLC;SUS
GB0007668071e;Close Brothers Grou;CBG
GB0007669376e;St James's Place PL;STJ
GB0007739609e;Travis Perkins PLC;TPK
GB0007816068e;Finsbury Growth & I;FGT
GB0007836132e;Scottish Oriental S;SST
GB0007879728e;Hansa Trust PLC;HAN
GB0007908733e;SSE PLC;SSE
GB0007915860e;Schroder Income Gro;SCF
GB0007918872e;Schroder AsiaPacifi;SDP
GB0007958233e;Senior PLC;SNR
GB0007973794e;Serco Group PLC;SRP
GB0007980591e;BP PLC;BP
GB0008025412e;SIG PLC;SHI
GB0008052507e;Shires Income PLC;SHRS
GB0008085614e;Morgan Sindall Grou;MGNS
GB0008475088e;Robert Walters PLC;RWA
GB0008706128e;Lloyds Banking Grou;LLOY
GB0008710799e;Asian Total Return ;ATR
GB0008711763e;TT electronics PLC;TTG
GB0008754136e;Tate & Lyle PLC;TATE
GB0008782301e;Taylor Wimpey PLC;TW
GB0008794710e;Telecom Plus PLC;TEP
GB0008825324e;Temple Bar Investme;TMPL
GB0008829292e;Templeton Emerging ;TEM
GB0008847096e;TESCO PLC;TSCO
GB0008883927e;Trifast PLC;TRI
GB0008910555e;Blackrock Throgmort;THRG
GB0009064097e;TR Property Investm;TRY
GB0009065060e;Henderson Smaller C;HSL
GB0009067447e;Mothercare PLC;MTC
GB0009188797e;Avingtrans plc;AVG
GB0009223206e;Smith & Nephew PLC;SN
GB0009286963e;Vp PLC;VP
GB0009292243e;Victrex PLC;VCT
GB0009465807e;Weir Group PLC/The;WEIR
GB0009580571e;Henderson High Inco;HHI
GB0009697037e;Babcock Internation;BAB
GB0009887422e;Synthomer PLC;SYNT
GB0009895292e;AstraZeneca PLC;AZN
GB0009896605e;Zotefoams PLC;ZTF
GB0030181522e;Tribal Group PLC;TRB
GB0030232317e;Pagegroup;PAGE
GB0030517261e;Monks Investment Tr;MNKS
GB0031215220e;Carnival PLC;CCL
GB0031232498e;Impax Environmental;IEM
GB0031274896e;Marks & Spencer Gro;MKS
GB0031348658e;Barclays PLC;BARC
GB0031429219e;Law Debenture Corp ;LWDB
GB0031638363e;Intertek Group PLC;ITRK
GB0031743007e;Burberry Group PLC;BRBY
GB0031852162e;Jubilee Metals Group PLC;JLP
GB0031977944e;Lindsell Train Investment Trust PLC/The;LTI
GB0032089863e;Next PLC;NXT
GB0033057794e;Dialight PLC;DIA
GB0033147751e;Bloomsbury Publishi;BMY
GB0033195214e;Kingfisher PLC;KGF
GB0033986497e;ITV PLC;ITV
GB0034291418e;Centaur Media PLC;CAU
GB00B00FPT80e;Chesnara PLC;CSN
GB00B012BV22e;Marshalls PLC;MSLH
GB00B012TP20e;Halfords Group PLC;HFD
GB00B0130H42e;ITM Power;ITM
GB00B018CS46e;Ruffer Investment C;RICA
GB00B019KW72e;J Sainsbury PLC;SBRY
GB00B01HM147e;Schroder Real Estat;SREI
GB00B01JLR99e;Nanoco Group PLC;NANO
GB00B01QGK86e;NCC Group PLC;NCC
GB00B01RDH75e;BlackRock Greater E;BRGE
GB00B02J6398e;Admiral Group PLC;ADM
GB00B02L3W35e;Berkeley Group Hold;BKG
GB00B02QND93e;PayPoint PLC;PAY
GB00B02RFS12e;Sareum Holdings plc;SAR
GB00B033F229e;Centrica PLC;CNA
GB00B04V1276e;Grainger PLC;GRI
GB00B06KBB18e;Alba Mineral Resources plc;ALBA
GB00B06QFB75e;IG Group Holdings P;IGG
GB00B0744359e;Essentra PLC;ESNT
GB00B0744B38e;Bunzl PLC;BNZL
GB00B082RF11e;Rentokil Initial PL;RTO
GB00B09G3N23e;Securities Trust of;STS
GB00B0BDCB21e;Strategic Equity Capital PLC;SEC
GB00B0BRN552e;Bango plc;BGO
GB00B0CRWN59e;Schroder Oriental I;SOI
GB00B0FYMT95e;Helical Bar PLC;HLCL
GB00B0HCWM45e;Goldplat PLC;GDP
GB00B0HW5366e;Real Estate Credit ;RECI
GB00B0LCW083e;Hikma Pharmaceutica;HIK
GB00B0LCW208e;Picton Property Inc;PCTN
GB00B0T4LH64e;HICL Infrastructure;HICL
GB00B0WD0R35e;SolGold PLC;SOLG
GB00B0WMWD03e;QinetiQ Group PLC;QQ
GB00B104RS51e;City of London Inve;CLIG
GB00B10RZP78e;Unilever PLC;ULVR
GB00B115T142e;Galileo Resources Plc;GLR
GB00B128J450e;IP Group PLC;IPO
GB00B12MHD28e;LMS Capital PLC/Fun;LMS
GB00B132NW22e;Ashmore Group PLC;ASHM
GB00B135BJ46e;Savills PLC;SVS
GB00B1436N68e;Macau Property Oppo;MPO
GB00B14SKR37e;CMC Markets PLC;CMCX
GB00B15PV034e;Middlefield Canadian Income PCC;MCT
GB00B15XDH89e;Greatland Gold plc;GGP
GB00B17BBQ50e;Investec PLC;INVP
GB00B188SR50e;International Publi;INPP
GB00B18P5K83e;Topps Tiles PLC;TPT
GB00B18S7B29e;AFC Energy plc;AFC
GB00B18V8630e;Pennon Group PLC;PNN
GB00B19NLV48e;Experian PLC;EXPN
GB00B19Z1432e;PZ Cussons PLC;PZC
GB00B1CKQ739e;Dunelm Group PLC;DNLM
GB00B1CRLC47e;Mondi PLC;MNDI
GB00B1FH8J72e;Severn Trent PLC;SVT
GB00B1FP6H53e;Mitchells & Butlers;MAB
GB00B1FW5029e;Hochschild Mining P;HOC
GB00B1G5HX72e;LSL Property Services PLC;LSL
GB00B1JQDM80e;Marston's PLC;MARS
GB00B1KJJ408e;Whitbread PLC;WTB
GB00B1L5QH97e;Rank Group PLC;RNK
GB00B1N7Z094e;Safestore Holdings ;SAFE
GB00B1V9NW54e;Hilton Food Group P;HFG
GB00B1VNSX38e;Drax Group PLC;DRX
GB00B1WY2338e;Smiths Group PLC;SMIN
GB00B1XH2C03e;Ferrexpo PLC;FXPO
GB00B1XZS820e;Anglo American PLC;AAL
GB00B1YKG049e;International Perso;IPF
GB00B1YPC344e;Fuller Smith & Turn;FSTA
GB00B1YW4409e;3i Group PLC;III
GB00B1ZBKY84e;Moneysupermarket.co;MONY
GB00B23K0M20e;Capita PLC;CPI
GB00B27YGJ97e;Severfield PLC;SFR
GB00B2987V85e;Rightmove PLC;RMV
GB00B2B0DG97e;Reed Elsevier PLC;REL
GB00B2NGPM57e;Paragon Group of Co;PAG
GB00B2PDGW16e;WH Smith PLC;SMWH
GB00B2QPKJ12e;Fresnillo PLC;FRES
GB00B39J2M42e;United Utilities Gr;UU
GB00B3CX3644e;STV Group PLC;STVG
GB00B3DGH821e;De La Rue PLC;DLAR
GB00B3FLWH99e;Bodycote PLC;BOY
GB00B3MBS747e;Ocado Group PLC;OCDO
GB00B3SXM832e;BlackRock Frontiers;BRFI
GB00B45C9X44e;Chemring Group PLC;CHG
GB00B4WFW713e;London Metric Prope;LMP
GB00B4YZN328e;Coats Group PLC;COA
GB00B53P2009e;Jupiter Fund Manage;JUP
GB00B5SGVL29e;Tissue Regenix Group plc;TRX
GB00B5ZN1N88e;Segro PLC;SGRO
GB00B61TVQ02e;Inchcape PLC;INCH
GB00B635TG28e;EnQuest PLC;ENQ
GB00B63H8491e;Rolls-Royce Holding;RR
GB00B63PS212e;Frontier IP Group Plc;FIPP
GB00B63QSB39e;Greggs PLC;GRG
GB00B64NSP76e;Costain Group PLC;COST
GB00B65TLW28e;Diverse Income Trus;DIVI
GB00B67G5X01e;Workspace Group PLC;WKP
GB00B6832P16e;Polar Capital Globa;PCGH
GB00B6XZKY75e;A.G.BARR PLC;BAG
GB00B74CDH82e;Cairn Energy PLC;CNE
GB00B759CR16e;Bank of Georgia Hol;BGEO
GB00B7KR2P84e;easyJet PLC;EZJ
GB00B7N0K053e;Premier Foods PLC;PFD
GB00B82YXW83e;Vesuvius PLC;VSVS
GB00B83VD954e;Man Group PLC;EMG
GB00B8C3BL03e;Sage Group PLC/The;SGE
GB00B8SC6K54e;Greencoat UK Wind P;UKW
GB00B8VZXT93e;Crest Nicholson Hol;CRST
GB00B95L0551e;Reabold Resources Plc;RBD
GB00B9XQT119e;Polar Capital Globa;PCFT
GB00BCKFY513e;Foxtons Group plc;FOXT
GB00BD0NVK62e;Hollywood Bowl Group PLC;BOWL
GB00BD0SFR60e;Motorpoint group PLC;MOTR
GB00BD3V4641e;Ecofin Global Utilities and Infrastructure Trust P;EGL
GB00BD3VFW73e;ConvaTec Group PLC;CTEC
GB00BD45SH49e;IntegraFin Holdings PLC;IHP
GB00BD6K4575e;Compass Group PLC;CPG
GB00BD7XPJ64e;NewRiver REIT PLC;NRR
GB00BD8GP619e;KEFI Gold and Copper Plc;KEFI
GB00BDCPN049e;Coca-Cola European Partners PLC;CCEP
GB00BDCXV269e;Quilter PLC;QLT
GB00BDFXHW57e;ASA International Group PLC;ASAI
GB00BDHXPG30e;Alfa Financial Software Holdings PLC;ALFA
GB00BDR05C01e;National Grid PLC;NG
GB00BF01NH51e;PRS REIT Plc/The;PRSR
GB00BF044593e;CLS Holdings PLC;CLI
GB00BF0P7H59e;Triple Point Social Housing Reit PLC;SOHO
GB00BF4HYV08e;Georgia Capital PLC;CGEO
GB00BF5SGF06e;Palace Capital PLC;PCA
GB00BF8J3Z99e;Bakkavor Group PLC;BAKK
GB00BFFK8T45e;Amigo Holdings PLC;AMGO
GB00BFZ7R980e;Mobius Investment Trust PLC/Fund;MMIT
GB00BFZNLB60e;AJ Bell PLC;AJB
GB00BG0TPX62e;Funding Circle Holdings PLC;FCH
GB00BG12XV81e;Augmentum Fintech PLC/Fund;AUGM
GB00BG12Y042e;Energean Oil & Gas PLC;ENOG
GB00BG49KP99e;Tritax Big Box REIT;BBOX
GB00BGHVZM47e;Sdcl Energy Efficiency Income Trust PLC;SEIT
GB00BGJWTR88e;Smithson Investment Trust PLC;SSON
GB00BGLP8L22e;IMI PLC;IMI
GB00BGP6Q951e;Nostrum Oil & Gas L;NOG
GB00BH0P3Z91e;BHP Group;BHP
GB00BH4HKS39e;Vodafone Group PLC;VOD
GB00BHJVQ590e;European Assets Trust PLC/Fund;EAT
GB00BHJYC057e;InterContinental Hotels Group PLC;IHG
GB00BJ62K685e;Pets at Home Group ;PETS
GB00BJDQQ870e;Watches of Switzerland Group PLC;WOSG
GB00BJFLFT45e;Custodian Reit PLC;CREI
GB00BJHPLV88e;Ninety One PLC;N91
GB00BJT0FF39e;RM PLC;RM
GB00BJTNFH41e;AO World PLC;AO
GB00BJV2F804e;Aptitude Software Group PLC;APTD
GB00BJVQC708e;Helios Towers PLC;HTWS
GB00BJVWTM27e;Gulf Marine Service;GMS
GB00BK7YQK64e;Hammerson PLC;HMSO
GB00BKDRYJ47e;Airtel Africa PLC;AAF
GB00BKDTK925e;Trainline PLC;TRN
GB00BKFB1C65e;M&G Prudential PLC;MNG
GB00BKS7YK08e;Treatt PLC;TET
GB00BKY40Q38e;Galliford Try Holdings PLC;GFRD
GB00BL0L5G04e;Adriatic Metals PLC;ADT1
GB00BL9YR756e;Wise PLC;WISE
GB00BLDRH360e;OSB Group PLC;OSB
GB00BLDYK618e;Scottish Mortgage I;SMT
GB00BLWDVP51e;FDM Group Holdings ;FDM
GB00BLWDVR75e;Empiric Student Property PLC;ESP
GB00BLY2F708e;Card Factory PLC;CARD
GB00BM8Q5M07e;JD Sports Fashion PLC;JD
GB00BMH19X50e;Altyn PLC;ALTN
GB00BMJ6DW54e;Informa PLC;INF
GB00BMTV7393e;THG Holdings Ltd;THG
GB00BMX64W89e;Saga PLC;SAGA
GB00BMX86B70e;Haleon PLC ;HLN
GB00BN3ZZ526e;Volution Group PLC;FAN
GB00BN7CG237e;Aston Martin Lagonda Global Holdings PLC;AML
GB00BN7SWP63e;GlaxoSmithKline PLC;GSK
GB00BNGWY422e;SSP Group Plc;SSPG
GB00BNLPYF73e;Spice PLC;SPI
GB00BQQFX454e;Accsys Technologies PLC;AXS
GB00BRK01058e;Carr's Group PLC;CARR
GB00BRKD9Z53e;MJ Gleeson PLC;GLE
GB00BRS65X63e;Indivior PLC;INDV
GB00BTC0LB89e;DFS Furniture PLC;DFS
GB00BTQGS779e;Metlen Energy;MTLN
GB00BV9FP302e;Computacenter PLC;CCC
GB00BVFD4645e;HSS Hire Group PLC;HSS
GB00BVFNZH21e;Rotork PLC;ROR
GB00BVG6X439e;VPC Specialty Lendi;VSL
GB00BVGBWW93e;Assura PLC;AGR
GB00BVV2KN49e;Eurocell Group PLC;ECEL
GB00BVYVFW23e;Auto Trader Group P;AUTO
GB00BWD24154e;AEW UK REIT PLC;AEWU
GB00BWFGQN14e;Spirax-Sarco Engine;SPX
GB00BY2Z0H74e;PureTech Health Plc;PRTC
GB00BY7R8K77e;Schroder European Real Estate Investment Trust PLC;SERE
GB00BY9D0Y18e;Direct Line Insuran;DLG
GB00BYM1K758e;On the Beach Group PLC;OTB
GB00BYN59130e;Domino's Pizza Group PLC;DOM
GB00BYQ0JC66e;Beazley PLC;BEZ
GB00BYRJ5J14e;Primary Health Properties PLC;PHP
GB00BYSRMH16e;CC Japan Income & Growth Trust plc;CCJI
GB00BYSX1508e;Residential Secure Income PLC;RESI
GB00BYT18307e;TBC Bank Group PLC;TBCG
GB00BYW0PQ60e;Land Securities Group PLC;LAND
GB00BYWKBV38e;Red Rock Resources plc;RRR
GB00BYWVDP49e;Sabre Insurance Group PLC;SBRE
GB00BYXJC278e;Ibstock PLC;IBST
GB00BYYDKX57e;ECR Minerals plc;ECR
GB00BYYJL418e;Norcros PLC;NXR
GB00BYYN4225e;Hostelworld Group Plc;HSW
GB00BYYW3C20e;Forterra PLC;FORT
GB00BYYW9G87e;Avacta Group Plc;AVCT
GB00BYZDVK82e;Softcat PLC;SCT
GB00BYZJ7G42e;Harworth Group PLC;HWG
GB00BYZN9041e;Future PLC;FUTR
GB00BYZWX769e;Croda International PLC;CRDA
GB00BZ0D6727e;Kainos Group PLC;KNOS
GB00BZ15CS02e;Argo Blockchain PLC;ARB
GB00BZ1G4322e;Melrose PLC;MRO
GB00BZ4BQC70e;Johnson Matthey PLC;JMAT
GB00BZ6STL67e;Metro Bank PLC;MTRO
GB00BZBX0P70e;Gym Group PLC/The;GYM
GB00BZC0LP49e;Luceco PLC;LUCE
GG00B1NP5142e;BH Macro Ltd;BHMG
GG00B1NPGV15e;BH Macro Ltd;BHMU
GG00B1W3VF54e;Sirius Real Estate Ltd;SRE
GG00B1YQ7219e;Third Point Offshore Investors Ltd;TPOU
GG00B1Z5FH87e;PPHE Hotel Group Ltd;PPH
GG00B1ZBD492e;NB Private Equity Partners Ltd/Fund;NBPE
GG00B28C2R28e;Princess Private Equity Holding Ltd;PEY
GG00B79WC100e;Starwood European R;SWEF
GG00B8C23S81e;ICG-Longbow Senior ;LBOW
GG00B90J5Z95e;TwentyFour Income F;TFIF
GG00B979FD04e;Globalworth Real Estate;GWI
GG00BB0RDB98e;Bluefield Solar Inc;BSIF
GG00BBHX2H91e;Renewables Infrastr;TRIG
GG00BBHXCL35e;Riverstone Energy L;RSE
GG00BD59ZW98e;Rainbow Rare Earths Ltd;RBW
GG00BJ0JVY01e;NextEnergy Solar Fu;NESF
GG00BJVDZ946e;TwentyFour Select M;SMIF
GG00BPFJTF46e;Pershing Square Holdings Ltd/Fund;PSH
GG00BR30MJ80e;HarbourVest Global Private Equity Ltd;HVPE
GG00BV54HY67e;Sequoia Economic Infrastructure Income Fund Ltd;SEQI
GG00BWWYMV85e;Apax Global Alpha Ltd;APAX
GG00BYV2ZQ34e;Regional REIT Ltd;RGL
GG00BYXVT888e;VinaCapital Vietnam Opportunity Fund Ltd;VOF
GG00BZ3C3B94e;Sherborne Investors Guernsey C Ltd;SIGC
IE0000669501e;Glanbia PLC;GLB
IE0001827041e;CRH PLC;CRH
IE0002424939e;DCC PLC;DCC
IE0003864109e;Greencore Group PLC;GNC
IE0004906560e;Kerry Group PLC;KYGA
IE00B00MZ448e;Grafton Group PLC;GFTU
IE00B010DT83e;C&C Group PLC;CCR
IE00BD1RP616e;Bank of Ireland Group PLC;BIRG
IE00BD6JX574e;Glenveagh Properties PLC;GLV
IE00BDC5DG00e;Kenmare Resources PLC;KMR
IE00BF0L3536e;AIB Group PLC;AIBG
IE00BH3XCL94e;EQTEC plc;EQT
IE00BJMZDW83e;Dalata Hotel Group PLC;DAL
IE00BLP58571e;Irish Continental G;ICGC
IE00BWT6H894e;Flutter Entertainment PLC;FLTR
IE00BWY4ZF18e;Cairn Homes PLC;CRN
IL0010849045e;BATM Advanced Communications;BVC
IL0011284465e;Plus500 Ltd;PLUS
IM00B1H1XF89e;Hansard Global PLC;HSD
IM00B6QH1J21e;Agronomics Limited;ANIC
IM00B7S9G985e;Playtech Ltd;PTEC
JE00B1LZS514e;CQS New City High Y;NCYF
JE00B248KJ21e;Phoenix Spree Deutschland Ltd;PSDL
JE00B4T3BW64e;Glencore;GLEN
JE00B55Q3P39e;Genel Energy Plc;GENL
JE00B6173J15e;GCP Infrastructure ;GCP
JE00B8KF9B49e;WPP PLC;WPP
JE00B95CGW71e;Target Healthcare REIT Ltd;THRL
JE00BD3QJR55e;Foresight Solar Fun;FSFL
JE00BF4X3P53e;JTC PLC;JTC
JE00BF5FX167e;3i Infrastructure PLC;3IN
JE00BFYFZP55e;Ferguson PLC;FERG
JE00BN574F90e;Wizz Air Holdings P;WIZZ
JE00BV9H9G76e;Integrated Diagnostics Holdings PLC;IDHC
JE00BYVQYS01e;IWG PLC;IWG
JE00BYXX8B08e;GCP Asset Backed Income Fund Ltd;GABI
KYG7091M1096e;Phoenix Group Holdi;PHNX
KYG9361H1092e;Dragon Capital - Vietnam Enterprise Investments Lt;VEIL
LU0686550053e;BBGI SICAV SA/Fund;BBGI
LU1072616219e;B&M European Value ;BME
LU1079841513e;Ossiam Shiller Barclays CAPE? US Sector Value TR UCITS ETF 1;UCAP
NGSEPLAT0008e;SEPLAT Petroleum Development Co Plc;SEPL
NL0012650360e;Rhi Magnesita NV;RHIM
SG9999003735e;XP Power Ltd;XPP
US05462W1099e;Axis Bank Ltd;AXB
US28106T2096e;Edita Food Industries SAE;EFID
US4380908057e;Hon Hai Precision Industry Co Ltd;HHPD
US46627J3023e;Halyk Savings Bank ;HSBK
US5006881065e;Kosmos Energy Ltd;KOS
US55302T2042e;MHP SA;MHPC
US63253R2013e;NAC Kazatomprom JSC;KAP
US66980N2036e;Nova Ljubljanska Banka dd;NLB
US7594701077e;Reliance Industries;RIGD
US7960502018e;Samsung Electronics;SMSD
US7960508882e;Samsung Electronics;SMSN
US8565522039e;State Bank of India;SBID
VGG017351021e;Alien Metals Limited;UFO
VGG379591065e;Gem Diamonds Ltd;GEMD
VGG548121059e;Symphony International Holdings Ltd;SIHL
ZAE000255360e;Old Mutual Ltd;OMU
BE0003008019g;Bque Nat. Belgique;BNB
BE0003215143g;Floridienne;FLOB
BE0003463685g;Cumulex;CLEX
BE0003470755g;Solvay;SOLB
BE0003545531g;Solvac Nom(retail);SOLV
BE0003555639g;TESSENDERLO;TESB
BE0003565737g;Kbc;KBC
BE0003573814g;What's Cooking Group;WHATS
BE0003592038g;Cie Bois Sauvage;COMB
BE0003593044g;Cofinimmo;COFB
BE0003599108g;Immobel;IMMO
BE0003602134g;Moury Construct;MOUR
BE0003604155g;Lotus Bakeries;LOTB
BE0003605160g;Distri-Land Cert;DISL
BE0003656676g;Recticel;RECT
BE0003696102g;Accentis;ACCB
BE0003698124g;Diegem Kennedycert;DIEG
BE0003699130g;Gimv;GIMB
BE0003717312g;Sofina;SOF
BE0003720340g;Retail Est.-Sicafi;RET
BE0003724383g;Wereldhav B-Sicafi;WEHB
BE0003730448g;Questfor Gr-Pricaf;QFG
BE0003731453g;Miko;MIKO
BE0003734481g;Warehouses-Sicafi;WEB
BE0003735496g;Orange Belgium;OBEL
BE0003739530g;Ucb;UCB
BE0003741551g;Roularta;ROU
BE0003748622g;IEP Invest;IEP
BE0003752665g;Fountain;FOU
BE0003754687g;VASTNED RETAIL;VASTB
BE0003755692g;Agfa-Gevaert;AGFB
BE0003764785g;Ackermans V.Haaren;ACKB
BE0003765790g;GREENYARD;GREEN
BE0003766806g;Iba;IBAB
BE0003770840g;Nextensa NV;NEXTA
BE0003789063g;Deceuninck;DECB
BE0003797140g;Gbl;GBLB
BE0003798155g;Spadel;SPA
BE0003808251g;Exmar;EXM
BE0003809267g;ZENOBE GRAMME CERT;ZEN
BE0003810273g;Proximus;PROX
BE0003816338g;CMB.TECH;CMBT
BE0003820371g;EVS BROADC.EQUIPM.;EVS
BE0003822393g;Elia Group;ELI
BE0003823409g;TUBIZE-FIN;TUB
BE0003825420g;CAMPINE;CAMB
BE0003829463g;Reibel;REI
BE0003836534g;Crescent;OPTI
BE0003837540g;ATENOR GROUP;ATEB
BE0003839561g;VAN DE VELDE;VAN
BE0003851681g;Aedifica;AED
BE0003853703g;Montea C.V.A.;MONT
BE0003856730g;Ascencio;ASCE
BE0003858751g;JENSEN-GROUP;JEN
BE0003867844g;KBC ANCORA;KBCA
BE0003870871g;BANIMMO A;BANI
BE0003874915g;Fagron;FAGR
BE0003878957g;VGP;VGP
BE0003880979g;Keyware Technologies;KEYW
BE0003883031g;CFE (D);CFEB
BE0003893139g;IMMO MOURY (D);IMMOU
BE0003898187g;SIPEF (D);SIP
BE0165385973g;Melexis;MELE
BE0974256852g;Colruyt;COLR
BE0974258874g;Bekaert;BEKB
BE0974259880g;Dieteren;DIE
BE0974260896g;Celyad Oncology;CYAD
BE0974263924g;Texaf;TEXF
BE0974264930g;Ageas;AGS
BE0974265945g;Fluxys Belgium;FLUX
BE0974268972g;BPOST;BPOST
BE0974271034g;VIOHALCO;VIO
BE0974272040g;QRF;QRF
BE0974273055g;Care Property Inves;CPINV
BE0974274061g;Kinepolis Group;KIN
BE0974276082g;Ontex;ONTEX
BE0974278104g;ABO Group;ABO
BE0974280126g;Biosenic;BIOS
BE0974282148g;TINC;TINC
BE0974287196g;IMMO MCC;MCC
BE0974288202g;XIOR;XIOR
BE0974293251g;AB Inbev;ABI
BE0974294267g;NYRSTAR;NYR
BE0974303357g;CENERGY;CENER
BE0974313455g;Econocom Group;ECONB
BE0974314461g;Belysse Group NV;BELYS
BE0974320526g;Umicore;UMI
BE0974323553g;SMARTPHOTO GROUP;SMAR
BE0974338700g;Titan Cement;TITC
BE0974340722g;Sequana Medical;SEQUA
BE0974349814g;Wdp;WDP
BE0974358906g;Nyxoah;NYXH
BE0974362940g;Barco;BAR
BE0974363955g;Hyloris;HYL
BE0974371032g;BANQUP Group;BANQ
BE0974374069g;Inclusio Sa;INCLU
BE0974380124g;Ekopak;EKOP
BE0974386188g;BIOTALYS;BTLS
BE0974400328g;Azelis Group;AZE
BE0974401334g;Whitestone Group;ROCK
BE0974404361g;Mazaro;MLMAZ
BE0974409410g;Home Invest Belgium;HOMI
BE0974413453g;DEME GROUP;DEME
BE0974464977g;Syensqo;SYENS
BE0974487192g;Oxurion;OXUR
BE0974499312g;Energyvision;ENRGY
BE0974501331g;Materialise NV;MTLS
GB00BYN5BY03g;Hybrid Software;HYSG
GG00BQZCBZ44g;SHURGARD;SHUR
IL0010830391g;Payton Planar Magne;PAY
LU1068091351g;Brederode SA;BREB
NL0000488153g;Mopoli;MOP
NL0000488161g;Mopoli Fond;MOPF
NL0010832176g;Argenx SE;ARGX
NL0015000HT4g;Onward Medical;ONWD
AU000000BKY0m;Berkeley Energia Ltd;BKY
BRPETRACNPR6m;Petroleo Brasileiro S.A. - Petrobras;XPBRA
BRVALEACNOR0m;Vale S.A.;XVALO
ES0105025003m;Merlin Properties S;MRL
ES0105027009m;Cia de Distribucion;LOG
ES0105029005m;Facephi Biometria S.A;FACE
ES0105043006m;Naturhouse Health S;NTH
ES0105046009m;Aena SA;AENA
ES0105062022m;NBI Bearings Europe S.A;NBI
ES0105065009m;Talgo SA;TLGO
ES0105066007m;Cellnex Telecom SAU;CLNX
ES0105071007m;Fidere Patrimonio SOCIMI SA;YFID
ES0105077004m;Trajano Iberia Socimi SA;YTRA
ES0105079000m;Grenergy Renovables;GRE
ES0105080008m;Zambal Spain Socimi SA;YZBL
ES0105093001m;Gigas Hosting S.A;GIGA
ES0105102000m;Agile Content S.A;AGIL
ES0105121000m;CLERHP Estructuras S.A;CLR
ES0105122024m;Metrovacesa SA;MVC
ES0105130001m;Global Dominion Access SA;DOM
ES0105139002m;Vitruvio Real Estate Socimi;YVIT
ES0105148003m;Atrys Health SL;ATRY
ES0105175006m;Euro Cervantes SOCIMI SA;YEUR
ES0105210019m;Testa Residencial SOCIMI S.A.;YTST
ES0105223004m;Gestamp Automocion SA;GEST
ES0105224002m;Olimpo Real Estate SA;YORE
ES0105226007m;Tarjar Xairo Socimi SA;YTAR
ES0105227013m;Asturiana de Laminados S.A.;ELZ
ES0105229001m;Prosegur Cash SA;CASH
ES0105251005m;Neinor Homes SLU;HOME
ES0105271011m;Borges Agricultural & Industrial Nuts S.A.;BAIN
ES0105273009m;Grupo Ortiz Properties Socimi;YGOP
ES0105281002m;Elaia Investment Spain Socimi SA;YEIS
ES0105283008m;Domo Activos Socimi SA;DOMO
ES0105287009m;Aedas Homes SAU;AEDAS
ES0105313003m;Meridia Real Estate III Socimi SA;YMRE
ES0105314001m;Tander Inversiones SOCIMI SA;YTAN
ES0105317004m;Serrano 61 Desarrollo SOCIMI SA;YSRR
ES0105318002m;Atom Hoteles Socimi;YATO
ES0105360004m;Castellana Properties Socimi;YCPS
ES0105366001m;Alquiber Quality SA;ALQ
ES0105372009m;Mistral Patrimonio Inmobiliario SOCIMI SA;YMPI
ES0105375002m;AmRest Holdings SE;EAT
ES0105376000m;Arima Real Estate SOCIMI SA;ARM
ES0105379004m;Hispanotels Inversiones SOCIMI SA;YHSP
ES0105383006m;Arrienda Rental Properties SOCIMI SA;YARP
ES0105389003m;Inversa Prime SOCIMI S.A.;YIPS
ES0105400008m;Proeduca Altus S.A;PRO
ES0105405007m;Adriano Care SOCIMI SAU;YADR
ES0105429007m;Torimbia Socimi S.A.;YTRM
ES0105449005m;Izertis Sa;IZER
ES0105456026m;Holaluz-Clidom S.A;HLZ
ES0105463006m;Making Science Group S.A.;MAKS
ES0105495008m;All Iron Re I Socimi Sa;YAI1
ES0105507000m;JSS Real Estate SOCIMI SA;YJSS
ES0105513008m;Soltec Power Holdings SA;SOL
ES0105517009m;Energía Innovación y Desarrollo Fotovoltaico S.A.;EIDF
ES0105521001m;Arteche Lantegi Elkartea SA;ART
ES0105546008m;Linea Directa Aseguradora SA Compania de Seguros y;LDA
ES0105548004m;Grupo Ecoener S.A.;ENER
ES0105556007m;Inbest Prime VI Inmuebles Socimi SA;YINB6
ES0105561007m;Parlem Telecom Companyia de Telecomunicacions S.A.;PAR
ES0105563003m;Corporacion Acciona Energias Renovables SA;ANE
ES0105568002m;Media Investment Optimization SL;MIO
ES0105588000m;Aeternal Mentis SA;AMEN
ES0105606000m;Club De Futbol Intercity Sad;CITY
ES0105611000m;Singular People S.A.;SNG
ES0105621009m;Profithol S.A.;SPH
ES0105630315m;Cie Automotive SA;CIE
ES0105637005m;Hannun SA;HAN
ES0105650008m;Substrate AI S.A.;SAI
ES0105687000m;Energy Solar Tech S.L.;ETC
ES0105777017m;Puig Brands;PUIG
ES0105884011m;Cirsa Enterprise;CIRSA
ES0106000013m;Adolfo Dominguez SA;ADZ
ES0109067019m;Amadeus IT Holding ;AMS
ES0109260531m;Amper SA;AMP
ES0109427734m;Atresmedia Corporac;A3M
ES0110047919m;Deoleo SA;OLE
ES0112320009m;Catenon SA;COM
ES0112458312m;Azkoyen SA;AZK
ES0112501012m;Ebro Foods SA;EBRO
ES0113211835m;BBVA;BBVA
ES0113312005m;Altia Consultores S.A;ALC
ES0113679I37m;Bankinter SA;BKT
ES0113860A34m;Banco de Sabadell;SAB
ES0113900J37m;Banco Santander SA;SAN
ES0114820113m;Vocento SA;VOC
ES0115002018m;Bodegas Riojanas S.A;RIO
ES0116494016m;Montebalito SA;MTB
ES0116870314m;Naturgy Energy Group;NTGY
ES0116920333m;Grupo Catalana Occi;GCO
ES0117360117m;Cementos Molins SA;CMO
ES0118594417m;Indra Sistemas SA;IDR
ES0118900010m;Ferrovial SA;FER
ES0119037010m;Clinica Baviera SA;CBAV
ES0121071007m;Commcenter S.A.;CMM
ES0121975009m;Construcciones y Auxiliar de Ferrocarriles SA;CAF
ES0122060314m;Fomento de Construc;FCC
ES0124244E34m;Mapfre SA;MAP
ES0125140A14m;Ercros SA;ECR
ES0125220311m;Acciona SA;ANA
ES0126501131m;Alantra Partners;ALNT
ES0126775032m;Distribuidora Inter;DIA
ES0126962069m;Nueva Expresion Textil SA;NXT
ES0129743318m;Elecnor SA;ENO
ES0130625512m;Ence Energia y Celu;ENC
ES0130670112m;Endesa SA;ELE
ES0130960018m;Enagas SA;ENG
ES0131172001m;Entre Cua Socimi;YENT
ES0131703003m;Secuoya Grupo de Comunicación S.A;SEC
ES0132105018m;Acerinox SA;ACX
ES0132945017m;Tubacex SA;TUB
ES0132955008m;Compania Espanola de Viviendas en Alquiler SA;CEV
ES0133421000m;Euroespes S.A;EEP
ES0134950F36m;Faes Farma SA;FAE
ES0136463017m;Audax Renovables;ADX
ES0137650018m;Fluidra SA;FDR
ES0137998A12m;Libertas 7 SA;LIB
ES0139140174m;Inmobiliaria Colonial SA;COL
ES0140609019m;CaixaBank;CABK
ES0142090317m;Obrascon Huarte Lain SA;OHLA
ES0143328005m;Grino Ecologic S.A;GRI
ES0143421073m;Innovative Solutions Ecosystem SA;ISE
ES0144580Y14m;Iberdrola SA;IBE
ES0147561015m;Iberpapel Gestion S;IBG
ES0148396007m;Inditex SA;ITX
ES0152768612m;Artificial Intelligence Structures;AI
ES0154653911m;Inmobiliaria del Su;ISUR
ES0157097017m;Almirall SA;ALM
ES0157261019m;Laboratorios Farmac;ROVI
ES0158480311m;Lingotes Especiales;LGT
ES0161560018m;NH Hoteles SA;NHH
ES0162600417m;Duro Felguera SA;MDF
ES0164180012m;Miquel y Costas & M;MCM
ES0165359029m;Laboratorio Reig Jofre SA;RJF
ES0165386014m;Solaria Energia y M;SLR
ES0166300212m;Nicolas Correa SA;NEA
ES0167050915m;ACS Actividades de ;ACS
ES0167733015m;Oryzon Genomics;ORY
ES0169350016m;Pescanova SA;PVA
ES0169501030m;Pharma Mar SA;PHM
ES0170884417m;Prim SA;PRM
ES0171743901m;Promotora de Inform;PRS
ES0171996087m;Grifols SA;GRF
ES0171996095m;Grifols SA;GRF-P
ES0172708234m;Grupo Ezentis SA;EZE
ES0173093024m;Red Electrica Corp SA;RED
ES0173358039m;Renta 4 Banco SA;R4
ES0173365018m;Renta Corp Real Est;REN
ES0173516115m;Repsol SA;REP
ES0173908015m;Realia Business SA;RLIA
ES0175438003m;Prosegur Cia de Seg;PSG
ES0176252718m;Melia Hotels International;MEL
ES0177542018m;International Conso;IAG
ES0178165017m;Tecnicas Reunidas S;TRE
ES0178430E18m;Telefonica SA;TEF
ES0180850416m;Tubos Reunidos SA;TRG
ES0180907000m;Unicaja Banco SA;UNI
ES0180918015m;Grupo Empresarial S;GSJ
ES0182280018m;Urbas Guadahermosa ;UBS
ES0182870214m;Sacyr SA;SCYR
ES0183304080m;Squirrel Media SA;SQRL
ES0183746314m;Vidrala SA;VID
ES0184262212m;Viscofan SA;VIS
ES0184980003m;Biotechnology Assets S.A.;BST
GB00BDCPN049m;Coca-Cola European Partners PLC;CCEP
LU0569974404m;APERAM SA;APAM
LU1048328220m;eDreams ODIGEO SL;EDR
LU1598757687m;ArcelorMittal;MTS
NL0000235190m;Airbus Group SE;AIR
BE0003818359n;Galapagos;GLPG
BMG0112X1056n;AEGON;AGN
BMG455841020n;HAL TRUST;HAL
CH1216478797n;DSM FIRMENICH AG;DSFIR
CWN814651014n;MOREFIELD GROUP;MORE
CY0200751713n;Theon International;THEON
GB00B2B0DG97n;RELX;REN
GB00B94QM994n;Eurocastle Investme;ECT
GB00BDCPN049n;Coca-Cola European Partners plc;CCEP
GB00BMXH3352n;MOTORK;MTRK
GB00BNR4T868n;RENEWI;RWI
GB00BNTJ3546n;ALLFUNDS GROUP;ALLFG
GB00BP6MXD84n;Shell;SHELL
GB00BQQFX454n;Accsys Technologies;AXS
GB00BVZK7T90n;UNILEVER;UNA
GG00B1GHHH78n;Volta Finance Ltd/f;VTA
GG00B1RMC548n;Tetragon Financial Group Limited;TFG
IE00B4L5YC18n;iShares MSCI EM UCITS ETF (Acc);IEMA
IM00BDD7WV31n;NEPI Rockcastle plc;NRP
JE00BRX98089n;CVC Capital;CVC
LU0383812293n;Reinet Investments S.C.A;REINA
LU0569974404n;Aperam;APAM
LU1598757687n;Arcelor Mittal;MT
LU1789205884n;B&S Group;BSGR
LU2290522684n;InPost SA;INPST
NL0000008977n;HEINEKEN HOLDING;HEIO
NL0000009082n;KPN KON;KPN
NL0000009165n;HEINEKEN;HEIA
NL0000009538n;PHILIPS KON;PHIA
NL0000018034n;AJAX;AJAX
NL0000285278n;BEVER HOLDING;BEVER
NL0000288876n;EUROCOMMERCIAL;ECMPA
NL0000289213n;WERELDHAVE;WHA
NL0000292324n;NSI;NSI
NL0000302636n;VAN LANSCHOT KEMPEN;VLK
NL0000313286n;Acomo NV;ACOMO
NL0000334118n;ASM INTERNATIONAL;ASM
NL0000336303n;PB Holding;PBH
NL0000337319n;BAM GROEP KON;BAMNB
NL0000345577n;CTAC;CTAC
NL0000345627n;EASE2PAY NV;EAS2P
NL0000360618n;SBM OFFSHORE;SBMO
NL0000371243n;NEDAP;NEDAP
NL0000378669n;PORCELEYNE FLES;PORF
NL0000379121n;RANDSTAD;RAND
NL0000395903n;WOLTERS KLUWER;WKL
NL0000440311n;HOLLAND COLOURS;HOLCO
NL0000817179n;Sligro Food;SLIGR
NL0000852523n;TKH Group;TWEKA
NL0000852531n;Kendrion;KENDR
NL0000852564n;Aalberts;AALB
NL0000888691n;AMG ADV METAL;AMG
NL0006237562n;Arcadis NV;ARCAD
NL0009169515n;Green Earth Group;EARTH
NL0009269109n;HEIJMANS;HEIJM
NL0009312842n;NedSense Enterprise;NEDSE
NL0009391242n;Hydratec Industries;HYDRA
NL0009432491n;VOPAK;VPK
NL0009739416n;POSTNL;PNL
NL0009822014n;New Sources Energy ;NSE
NL0009875483n;Value8 Pref;PREVA
NL0010273215n;ASML HOLDING;ASML
NL0010389508n;ER Capital;ERC
NL0010391025n;Pharming Group;PHARM
NL0010545679n;Lavide Holding;LVIDE
NL0010556726n;Hawick Data;HWK
NL0010558797n;OCI NV;OCI
NL0010583399n;Corbion;CRBN
NL0010661864n;Value8;VALUE
NL0010696704n;Almunda Professional;MLADE
NL0010773842n;NN Group NV;NN
NL0010776944n;Brunel International;BRNL
NL0010801007n;IMCD;IMCD
NL0011279492n;FLOW TRADERS;FLOW
NL0011540547n;ABN AMRO BANK;ABN
NL0011660485n;SIF Holding;SIFG
NL0011683594n;VanEck Morningstar Developed Markets Dividend Leaders UCITS ;TDIV
NL0011794037n;AHOLD DELHAIZE;AD
NL0011821202n;ING Groep;INGA
NL0011821392n;SIGNIFY;LIGHT
NL0011832811n;FORFARMERS;FFARM
NL0011872643n;ASR NEDERLAND;ASRNL
NL0011872650n;BASIC-FIT;BFIT
NL0012015705n;Just Eat Takeaway;TKWY
NL0012059018n;Exor N.V.;EXO
NL0012194724n;ALUMEXX N.V.;ALX
NL0012747059n;CM.COM;CMCOM
NL0012817175n;ALFEN;ALFEN
NL0012866412n;BE Semiconductor Industries;BESI
NL0012969182n;ADYEN;ADYEN
NL0013267909n;Akzo Nobel;AKZA
NL0013332471n;TOMTOM;TOM2
NL0013654783n;Prosus;PRX
NL0013654809n;FASTNED;FAST
NL0014332678n;JDE PEETS;JDEP
NL00150000S7n;CABKA NV;CABKA
NL00150000U3n;DUTCH STAR C W12;DSCW2
NL00150000V1n;DUTCH STAR C W13;DSCW3
NL00150002Q7n;VIVORYON;VVY
NL00150003E1n;FUGRO;FUR
NL00150006R6n;CTP;CTPNV
NL00150006Z9n;Azerion Group NV;AZRN
NL0015000CG2n;NAI ORD SHARES;NAI
NL0015000CZ2n;EBUSCO HOLDING;EBUS
NL0015000D50n;NX FILTRATION;NXFIL
NL0015000GX8n;ENVIPCO;ENVI
NL0015000IY2n;UMG;UMG
NL0015000X07n;Banijay Group NV;BNJ
NL0015001FS8n;Ferrovial SE;FER
NL0015002AG2n;Ebusco Holding;EBUS
NL0015002IE0n;AVANTIUM;AVTX
NL0015002K83n;Havas;HAVAS
NL0015002MS2n;The Magnum ice cream company;MICC
BE0003470755g;Solvay;SOLB
BE0003853703g;Montea C.V.A.;MONT
BE0974338700g;Titan Cement;TITC
FI0009000681p;Nokia;NOKIA
FR0000031577p;Virbac;VIRP
FR0000031775p;Vicat;VCT
FR0000033219p;Altarea;ALTA
FR0000035081p;Icade;ICAD
FR0000039091p;Robertet;RBT
FR0000039299p;Bollore;BOL
FR0000044448p;Nexans;NEX
FR0000044471p;Ramsay Generale De Sante;GDS
FR0000045072p;Credit Agricole;ACA
FR0000045601p;Robertet Ci;CBE
FR0000045619p;Robertet CDV 87;CBR
FR0000050353p;Lisi;FII
FR0000050809p;Sopra Steria Group;SOP
FR0000051070p;Maurel Et Prom;MAU
FR0000051807p;Teleperformance;TEP
FR0000052292p;Hermes;RMS
FR0000053225p;Metropole Tv;MMT
FR0000054470p;Ubisoft Entertainment;UBI
FR0000054900p;TF1;TFI
FR0000060303p;Covivio Hotels;COVH
FR0000062234p;Compagnie Odet;ODET
FR0000064271p;STEF;STF
FR0000064578p;Covivio;COV
FR0000064784p;Peugeot Invest;PEUG
FR0000065484p;Lectra;LSS
FR0000071946p;Alten;ATE
FR0000073272p;Safran;SAF
FR0000073298p;Ipsos;IPS
FR0000076952p;Artois Nom.;ARTO
FR0000077919p;JC Decaux SE;DEC
FR0000120073p;Air Liquide;AI
FR0000120172p;Carrefour;CA
FR0000120271p;TotalEnergies;TTE
FR0000120321p;L'oreal;OR
FR0000120404p;Accor Hotels;AC
FR0000120503p;Bouygues;EN
FR0000120578p;Sanofi;SAN
FR0000120628p;Axa;CS
FR0000120644p;Danone;BN
FR0000120669p;North Atlantic Energies;NAE
FR0000120693p;Pernod Ricard;RI
FR0000120859p;Imerys;NK
FR0000120966p;Bic;BB
FR0000121014p;Lvmh;MC
FR0000121121p;Eurazeo;RF
FR0000121147p;Forvia;FRVIA
FR0000121204p;Wendel Invest.;MF
FR0000121220p;Sodexo;SW
FR0000121329p;Thales;HO
FR0000121485p;Kering;KER
FR0000121667p;EssilorLuxottica;EL
FR0000121709p;Seb;SK
FR0000121964p;Klepierre;LI
FR0000121972p;Schneider Electric;SU
FR0000124141p;Veolia;VIE
FR0000124570p;OPmobility;OPM
FR0000125007p;Saint Gobain;SGO
FR0000125338p;CapGemini;CAP
FR0000125486p;Vinci;DG
FR0000127771p;Vivendi;VIV
FR0000130213p;Lagardere;MMB
FR0000130395p;Remy Cointreau;RCO
FR0000130403p;Christian Dior;CDI
FR0000130452p;Eiffage;FGR
FR0000130577p;Publicis Groupe;PUB
FR0000130809p;Societe Generale;GLE
FR0000131104p;Bnp Paribas;BNP
FR0000131757p;Eramet;ERA
FR0000131906p;Renault;RNO
FR0000133308p;Orange;ORA
FR0004024222p;Interparfums;ITP
FR0004050250p;Neurones;NRO
FR0004125920p;Amundi;AMUN
FR0005691656p;Trigano;TRI
FR0006174348p;Bureau Veritas;BVI
FR0010040865p;Gecina Nom.;GFC
FR0010208488p;Engie;ENGI
FR0010220475p;Alstom;ALO
FR0010221234p;Eutelsat;ETL
FR0010241638p;Mercialys;MERY
FR0010259150p;Ipsen;IPN
FR0010282822p;Vusion;VU
FR0010307819p;Legrand SA;LR
FR0010313833p;Arkema;AKE
FR0010340141p;Adp;ADP
FR0010411983p;Scor;SCR
FR0010451203p;Rexel;RXL
FR0010481960p;Argan;ARG
FR0010533075p;Getlink;GET
FR0010667147p;Coface;COFA
FR0010828137p;Carmila;CARM
FR0010908533p;Edenred;EDEN
FR0010929125p;ID Logistics;IDL
FR0011726835p;GTT;GTT
FR0011981968p;Worldline;WLN
FR0011995588p;Voltalia;VLTSA
FR0012435121p;Elis;ELIS
FR0012757854p;Spie;SPIE
FR0013154002p;Sartorius Stedim Biotech;DIM
FR0013176526p;Valeo;FR
FR0013227113p;Soitec Silicon;SOI
FR0013230612p;Tikehau Capital;TKO
FR0013258662p;Ayvens;AYV
FR0013269123p;Rubis;RUI
FR0013280286p;Biomerieux;BIM
FR0013326246p;Unibail Rodamco Westfield;URW
FR0013357621p;Wavestone;WAVE
FR0013447729p;Verallia;VRLA
FR0013451333p;FDJ United;FDJU
FR0013506730p;Vallourec;VK
FR0014000MR3p;Eurofins Scient.;ERF
FR0014003TT8p;Dassault Systemes;DSY
FR0014004L86p;Dassault Aviation;AM
FR0014005AL0p;Antin infra Partn;ANTIN
FR0014005HJ9p;OVHCLOUD;OVH
FR001400AJ45p;Michelin;ML
FR001400J770p;Air France - KLM;AF
FR001400PFU4p;Planisware;PLNW
FR001400Q9V2p;Exosens;EXENS
FR001400SF56p;Ldc;LOUP
FR001400SU99p;Moncey Fin. Nom.;FMONC
FR001400SUB7p;Cambodge Nom.;CBDG
FR001400X2S4p;Atos;ATO
GB00B5ZN1N88p;Segro PLC;SGRO
LU0088087324p;SES Sa;SESG
LU0569974404n;Aperam;APAM
LU1598757687n;Arcelor Mittal;MT
MA0000011488p;Maroc Telecom;IAM
MC0000031187p;Bains Mer Monaco;BAIN
NL0000226223p;Stmicroelectronics;STMPA
NL0000235190p;Airbus;AIR
NL0006294274p;Euronext;ENX
NL0014559478p;Technip Energies;TE
NL00150001Q9p;Stellantis;STLAP
NL0015001W49p;Pluxee;PLX
US2220702037p;Coty Inc.;COTY
BE0974310428p;X-Fab;XFAB
FR0000030074p;Malteries Fco-Bel.;MALT
FR0000031023p;Electricite de Strasbourg;ELEC
FR0000032526p;Guerbet;GBT
FR0000032658p;Synergie;SDG
FR0000033243p;Immobiliere Dassault;IMDA
FR0000033904p;Jacquet Metals;JCQ
FR0000034894p;Gaumont;GAM
FR0000035164p;Beneteau;BEN
FR0000035370p;Bastide Le Confort;BLC
FR0000036675p;Groupe Crit;CEN
FR0000038242p;Lumibird;LBIRD
FR0000038606p;Manitou Bf;MTU
FR0000039109p;Seche Environnement;SCHP
FR0000039216p;Altareit;AREIT
FR0000039620p;Mersen;MRN
FR0000045528p;Crcam Paris Et Idf;CAF
FR0000050049p;Viel Et Compagnie;VIL
FR0000051393p;IDI;IDIP
FR0000052680p;Oeneo;SBT
FR0000053027p;Akwel;AKW
FR0000053324p;Alpes (Compagnie);CDA
FR0000053381p;Derichebourg;DBG
FR0000053837p;Altamir;LTA
FR0000060071p;Samse;SAMS
FR0000060535p;Fiducial Real Estate;ORIA
FR0000060873p;Marie Brizard Wine and Spirits;MBWS
FR0000061129p;Boiron;BOI
FR0000061137p;Burelle;BUR
FR0000061459p;Perrier (Gerard);PERR
FR0000062101p;Ferm.Cas.Mun.Canne;FCMC
FR0000062150p;Bleecker;BLEE
FR0000062465p;Alan Allman Associates;AAA
FR0000062671p;Exail technologies;EXA
FR0000062978p;Dekuple;DKUPL
FR0000063737p;Aubay;AUB
FR0000063935p;Bonduelle;BON
FR0000066672p;Gl Events;GLO
FR0000071797p;Infotel;INF
FR0000073041p;Pierre Vacances;VAC
FR0000074148p;Assystem;ASY
FR0000074254p;Bourse Direct;BSD
FR0000120107p;Savencia;SAVE
FR0000120560p;Quadient;QDT
FR0000121691p;Nrj Group;NRG
FR0000130692p;Chargeurs Invest;CRI
FR0000185514p;Crcam Nord Cci;CNDF
FR0004007813p;Kaufman Et Broad;KOF
FR0004023208p;Bassac;BASS
FR0004040608p;Abc Arbitrage;ABCA
FR0004056851p;Valneva;VLA
FR0004065605p;Medincell;MEDCL
FR0004155000p;Groupe Sfpi;SFPI
FR0004156297p;Linedata Services;LIN
FR0004163111p;Genfit;GNFT
FR0004170017p;LNA Sante;LNA
FR0004175842p;Selectirente;SELER
FR0004180578p;Sword Group;SWP
FR0004186856p;Vetoquinol;VETO
FR0004188670p;Tarkett;TKTT
FR0004527638p;Exel Industries A;EXE
FR0006864484p;Laurent-Perrier;LPE
FR0010112524p;Nexity;NXI
FR0010214064p;Groupe Pizzorno Environnement;GPE
FR0010341032p;Fonciere Inea;INEA
FR0010386334p;Clariane;CLARI
FR0010428771p;Eagle Football Group (ex OL Groupe);EFG
FR0010483768p;CRCAM Brie Pic2CCI;CRBP2
FR0010588079p;Frey;FREY
FR0011027135p;Patrimoine et Commerce;PAT
FR0011040500p;74Software;74SW
FR0011341205p;Nanobiotix;NANO
FR0011476928p;Fnac Darty;FNAC
FR0011665280p;Figeac Aero;FGA
FR0011950732p;Elior Group;ELIOR
FR0012127173p;Ose Immunotherapeutics;OSE
FR0012333284p;Abivax;ABVX
FR0012532810p;Waga Energy;WAGA
FR0012612646p;Groupe Partouche;PARP
FR0012789667p;Amplitude Surgical;AMPLI
FR0012882389p;Equasens;EQS
FR0013153541p;Maisons du Monde;MDM
FR0013214145p;Smcp;SMCP
FR0013233012p;Inventiva;IVA
FR0013295789p;TFF Group;TFF
FR0013333432p;Thermador Groupe;THEP
FR0013344173p;Roche Bobois;RBO
FR0013455482p;Atland;ATLD
FR0014003AQ4p;Explosifs Prod. Chi.;EXPL
FR0014003U94p;Aramis Group;ARAMI
FR0014008VX5p;Euroapi;EAPI
FR0014009YQ1p;Lhyfe;LHYFE
FR001400AYG6p;Deezer;DEEZR
FR001400NLM4p;Emeis;EMEIS
FR001400OKR3p;Casino Guichard;CO
FR001400PVN6p;Viridien;VIRI
GA0000121459p;Totalenergies Gabon;EC
LU2999653251p;Younited Financial;YOUNI
NL0015000HT4g;Onward Medical;ONWD
BE0974260896g;Celyad Oncology;CYAD
BE0974269012p;ADC SIIC;ALDV
BE0974278104g;ABO Group;ABO
BE0974280126g;Biosenic;BIOS
BMG9887P1068p;Zci Limited;CV
CH0008175645p;Televerbier;TVRB
CH0308403085p;GeNeuro;GNRO
CI0000053161p;Forestiere Equatoriale;FORE
FR0000031973p;FSDV;FSDV
FR0000035719p;Elect. Madagascar;EEM
FR0000035784p;Evergreen;EGR
FR0000036816p;Tour Eiffel;EIFF
FR0000037475p;CFI;CFI
FR0000038184p;Fipp;FIPP
FR0000039232p;Aurea;AURE
FR0000044323p;Crcam Alp.Prov.Cci;CRAP
FR0000044364p;Crcam Norm.Seine;CCN
FR0000045213p;Crcam Ille-Vil.Cci;CIV
FR0000045239p;Crcam Loire Hte L.;CRLO
FR0000045304p;Crcam Touraine Cci;CRTO
FR0000045346p;Crcam Sud R.A.Cci;CRSU
FR0000045544p;CA Toulouse 31;CAT31
FR0000045551p;Crcam Morbihan Cci;CMO
FR0000050395p;Crosswood;CROS
FR0000053035p;Gea Grenobl.Elect.;GEA
FR0000053944p;Fonciere Volta;SPEL
FR0000054199p;St Dupont;DPT
FR0000054231p;High Co;HCO
FR0000060121p;Saint Jean Groupe;SABE
FR0000060824p;Financiere Marjos;FINM
FR0000060907p;Chausseria;CHSR
FR0000061418p;Fiducial Office Solutions;SACI
FR0000061475p;Eurasia Fonciere Inv.;EFI
FR0000061780p;Augros Cosmetics;AUGR
FR0000062788p;Barbara Bui;BUI
FR0000062796p;Maison Pommery & Associes;POMRY
FR0000063307p;Tayninh;TAYN
FR0000064404p;Media 6;EDI
FR0000064602p;Acanthe Dev.;ACAN
FR0000064958p;Intexa;ITXT
FR0000065260p;Dock.Petr.Ambes Am;DPAM
FR0000065393p;Courtois;COUR
FR0000065492p;Selcodis;SLCO
FR0000065930p;Fonciere 7 Investissement;LEBL
FR0000065971p;Graines Voltz;GRVO
FR0000066219p;Groupe Etpo;INFE
FR0000066607p;Lacroix;LACR
FR0000066722p;Guillemot;GUI
FR0000066755p;Haulotte Group;PIG
FR0000074072p;Bigben Interactive;BIG
FR0000074197p;UTI Group;FPG
FR0000074783p;Artmarket.com;PRC
FR0000076861p;Acteos;EOS
FR0000078321p;Soditech Ing.;SEC
FR0000185506p;Crcam Atl.Vend.Cci;CRAV
FR0004010338p;Groupe Jaj;GJAJ
FR0004031763p;Coheris;COH
FR0004038263p;Parrot;PARRO
FR0004052561p;Proactis SA;PROAC
FR0004165801p;Hotels De Paris;HDP
FR0005175080p;Transgene;TNG
FR0006239109p;Scbsm;CBSM
FR0010193979p;CBO Territoria;CBOT
FR0010209809p;Societe Francaise de Casinos;SFCA
FR0010263202p;Paref;PAR
FR0010291245p;Verimatrix;VMX
FR0010298620p;Memscap;MEMS
FR0010309096p;Vitura;VTR
FR0010331421p;Innate Pharma;IPH
FR0010417345p;Dbv Technologies;DBV
FR0010461053p;Crcam Langued Cci;CRLA
FR0010557264p;Ab Science;AB
FR0010609206p;Orege;OREGE
FR0011184241p;Adocia;ADOC
FR0011466069p;Ekinops;EKI
FR0011950682p;Sergeferrari Group;SEFER
FR0011992700p;Ateme;ATEME
FR0012185536p;Artea;ARTE
FR0012432516p;Poxel;POXEL
FR0012616852p;Abionyx Pharma;ABNX
FR0012634822p;Maat Pharma;MAAT
FR0012872141p;Jacques Bogart;JBOG
FR0013006558p;Showroomprive;SRP
FR0013030152p;Francaise de l’Energie;FDE
FR0013183985p;GenSight Biologics;SIGHT
FR0013185857p;Abeo;ABEO
FR0013252186p;Plast. Val de Loire;PVL
FR0013258399p;Balyo;BALYO
FR0013333077p;Affluent Medical;AFME
FR0013379484p;Solutions 30;S30
FR0013426004p;Claranova;CLA
FR0013482791p;Nacon;NACON
FR0013505062p;Vantiva;VANTI
FR0014001PV6p;NR 21;NR21
FR0014003VY4p;HDF (Hydrogene de France);HDF
FR0014005SB3p;Forsee Power;FORSE
FR0014007ZB4p;Aelis Farma;AELIS
FR001400AHX6p;ABL Diagnostics;ABLD
FR001400BMH7p;Teract;TRACT
FR001400CFI7p;Avenir Telecom;AVT
FR001400IE67p;MyHotelMatch;MHM
FR001400JWR8p;Arverne Group;ARVEN
FR001400JY13p;Latecoere;LAT
FR001400SA10p;Solocal Group;LOCAL
SN0000033192p;Fin.Ouest Africain;FOAF
US00774B2088p;Aerkomm Inc;AKOM
BE0160342011p;Coil;ALCOI
BE0974299316p;Invibes Advertising;ALINV
BE0974334667p;Winamp;ALWIN
BE0974497290p;European Medical Solutions;ALEMS
ES0105029005p;Facephi Biometria;ALPHI
ES0105089009p;Lleida;ALLLN
ES0105425005p;Kompuestos;ALKOM
ES0105463006p;Making Science Group;ALMKS
ES0105687000p;Energy Solar Tech;ALETC
ES0105704003p;Virtualware;ALVIR
ES0109429037p;ISPD Network;ALISP
FR0000033003p;Touax;ALTOU
FR0000033599p;Lexibook Linguist.;ALLEX
FR0000033888p;Gevelot;ALGEV
FR0000037640p;Rougier;ALRGR
FR0000038465p;Passat;ALPAS
FR0000038531p;Hf Company;ALHF
FR0000044943p;Logic Instrument;ALLOG
FR0000045122p;Entreprendre;ALENR
FR0000053043p;Advini;ALAVI
FR0000053506p;Cegedim;ALCGM
FR0000054132p;Delfingen;ALDEL
FR0000054322p;Cibox Inter A Ctiv;ALCBX
FR0000054421p;Bourrelier Group;ALBOU
FR0000060451p;Installux;ALLUX
FR0000060790p;Signaux Girod;ALGIR
FR0000060840p;Devernois;ALDEV
FR0000061244p;Altheora;ALORA
FR0000061608p;Piscines Desjoyaux;ALPDX
FR0000064164p;Exacompta Clairef.;ALEXA
FR0000064297p;Innelec Multimedia;ALINN
FR0000064446p;Catering Intl Sces;ALCIS
FR0000064529p;Nsc Groupe;ALNSC
FR0000065278p;Hopscotch Groupe;ALHOP
FR0000065864p;Sogeclair;ALSOG
FR0000066441p;Poujoulat;ALPJT
FR0000066540p;Herige;ALHRG
FR0000066961p;Bernard Loiseau;ALDBL
FR0000072373p;Egide;ALGID
FR0000072597p;It Link;ALITL
FR0000074759p;Fleury Michon;ALFLE
FR0000074775p;Stradim Espac.Fin.;ALSAS
FR0000075343p;Laboratoires Euromedis;ALEMG
FR0000075442p;Groupe LDLC;ALLDL
FR0000075954p;Riber;ALRIB
FR0000076655p;Actia Group;ALATI
FR0000079147p;U10 Corp.;ALU10
FR0000121295p;Lebon;ALBON
FR0000124414p;Gascogne;ALBI
FR0000185423p;Damartex;ALDAR
FR0004016699p;Smtpc;ALTPC
FR0004027068p;Lanson-BCC;ALLAN
FR0004029411p;Keyrus;ALKEY
FR0004030708p;Encres Dubuit;ALDUB
FR0004034072p;Xilam Animation;ALXIL
FR0004034320p;Mr Bricolage;ALMRB
FR0004034593p;Fashion B Air;ALFBA
FR0004044600p;Prismaflex Intl;ALPRI
FR0004045847p;Voyageurs du monde;ALVDM
FR0004053510p;Genoway;ALGEN
FR0004065639p;NSE;ALNSE
FR0004153930p;Aton (ex Hybrigenics);ALTAO
FR0004154060p;Netgem;ALNTG
FR0004155687p;Mastrad;ALMAS
FR0004159473p;Hexaom;ALHEX
FR0004171346p;Nextedia;ALNXT
FR0004172450p;Mint;ALMIN
FR0004174233p;Bilendi;ALBLD
FR0004187367p;Freelance.com;ALFRE
FR0005854700p;I2S;ALI2S
FR0007080254p;Les Hotels Baverez;ALLHB
FR0010095596p;Valerio Therapeutics;ALVIO
FR0010120402p;Theraclion;ALTHE
FR0010131409p;Wallix;ALLIX
FR0010151589p;Cafom;ALCAF
FR0010157115p;Euroland Corporate;ALERO
FR0010169920p;Predilife;ALPRE
FR0010193052p;Catana Group;ALCAT
FR0010202606p;Sidetrade;ALBFR
FR0010204453p;MG International;ALMGI
FR0010313486p;Prodware;ALPRO
FR0010326090p;Vialife;ALVIA
FR0010337865p;Upergy;ALUPG
FR0010340711p;Aquila;ALAQU
FR0010353888p;MGI Digital Graphic;ALMDG
FR0010380626p;Prologue;ALPRG
FR0010396309p;Hitechpros;ALHIT
FR0010397232p;Novacyt;ALNOV
FR0010397901p;Trilogiq;ALTRI
FR0010404368p;DLSI;ALDLS
FR0010424697p;Entreparticuliers.com;ALENT
FR0010425595p;Cellectis;ALCLS
FR0010436584p;DNXCorp;ALDNX
FR0010465534p;Eo2;ALEO2
FR0010478248p;Atari;ALATA
FR0010485268p;Fountaine Pajot;ALFPC
FR0010490920p;EuropaCorp;ALECP
FR0010523167p;Roctool;ALROC
FR0010528059p;Streamwide;ALSTW
FR0010609263p;Mauna Kea Tech;ALMKT
FR0010641449p;AgroGeneration;ALAGR
FR0010654087p;Txcom;ALTXC
FR0010722819p;Kalray;ALKAL
FR0010766667p;Vente Unique.com;ALVU
FR0010776617p;Sapmer;ALMER
FR0010785790p;Plant Advanced Technologies;ALPAT
FR0010812230p;Sirius Media (ex: Metadvertise);ALSRS
FR0010820274p;Reworld Media;ALREW
FR0010844001p;Eurasia Groupe;ALEUA
FR0010889386p;Qwamplify;ALQWA
FR0010907956p;Carmat;ALCAR
FR0010908723p;Integragen;ALINT
FR0011005933p;Biosynex;ALBIO
FR0011033083p;Moulinvest;ALMOU
FR0011038348p;Klarsen;ALKLA
FR0011041011p;Bluelinea;ALBLU
FR0011049824p;Median Technologies;ALMDT
FR0011051598p;Amoeba;ALMIB
FR0011052257p;Global Bioenergies;ALGBE
FR0011053636p;Capital B;ALCPB
FR0011071570p;Cogra;ALCOG
FR0011179886p;Intrasense;ALINS
FR0011208693p;Gold by Gold;ALGLD
FR0011217710p;Methanor;ALMET
FR0011271600p;Fermentalg;ALGAE
FR0011365907p;Boa Concept;ALBOA
FR0011464452p;Spineguard;ALSGD
FR0011490648p;Ecoslops;ALESA
FR0011532225p;Vogo;ALVGO
FR0011636083p;Neolife;ALNLF
FR0011648716p;Carbios;ALCRB
FR0011648971p;Quantum Genomics;ALQGC
FR0011716265p;Crossject;ALCJ
FR0011742329p;McPhy Energy;ALMCP
FR0011858190p;Realites;ALREA
FR0011898584p;Uv Germi;ALUVI
FR0012202497p;DMS Group;ALDMS
FR0012419307p;Pullup Entertainment;ALPUL
FR0012596468p;Sensorion;ALSEN
FR0012613610p;Prodways Group;ALPWG
FR0012709160p;Uniti;ALUNT
FR0012819381p;Groupe Guillin;ALGIL
FR0012821890p;Adux;ALDUX
FR0012821916p;Hipay Group;ALHYP
FR0012969095p;Capelli;ALCAP
FR0013015583p;Poulaillon;ALPOU
FR0013018124p;Nicox;ALCOX
FR0013053535p;Miliboo;ALMLB
FR0013060100p;Immersion;ALIMR
FR0013079092p;We.Connect;ALWEC
FR0013143872p;Witbe;ALWIT
FR0013156007p;Kerlink;ALKLK
FR0013178712p;Cerinnov group;ALPCV
FR0013230950p;Lighton;ALTAI
FR0013240934p;Eurobio-Scientific;ALERS
FR0013254851p;Valbiotis;ALVAL
FR0013256518p;Eurofins Cerep;ALECR
FR0013257409p;Cofidur;ALCOF
FR0013266772p;One Experience;ALEXP
FR0013283108p;Delta Plus Group;ALDLT
FR0013284627p;Adeunis;ALARF
FR0013286259p;Theranexus;ALTHX
FR0013296746p;Advicenne;ALDVI
FR0013308582p;Largo;ALLGO
FR0013318052p;Ordissimo;ALORD
FR0013330792p;Enensys Technologies;ALNN6
FR0013331212p;Dontnod Entertainment;ALDNE
FR0013335742p;Cogelec;ALLEC
FR0013341781p;2crsi;AL2SI
FR0013345493p;Bio UV Group;ALTUV
FR0013356755p;Emova Group;ALEMV
FR0013374667p;KKO International;ALKKO
FR0013384369p;Baikowski;ALBKK
FR0013398997p;Arcure;ALCUR
FR0013399359p;Energisme;ALNRG
FR0013400835p;Mare Nostrum;ALMAR
FR0013419876p;Kumulus Vape;ALVAP
FR0013429404p;Groupe Tera;ALGTR
FR0013439627p;Groupe Okwind;ALOKW
FR0013451044p;Hoffmann;ALHGR
FR0013452281p;Agripower;ALAGP
FR0013462231p;Munic;ALMUN
FR0013470168p;Implanet;ALIMP
FR0013479730p;Paulic Meunerie;ALPAU
FR0013481835p;Klea Holding;ALKLH
FR0013530102p;Veom Group;ALVG
FR0013534617p;Ecomiam;ALECO
FR0014000JX7p;Alchimie;ALCHI
FR0014000P11p;Winfarm;ALWF
FR0014000RP6p;Groupimo;ALIMO
FR0014001PM5p;Hydrogen Refueling Solutions;ALHRS
FR0014003711p;Obiz;ALBIZ
FR0014003J32p;Namr;ALNMR
FR0014003T71p;Omer-Decugis & Cie;ALODC
FR0014003V77p;Airwell;ALAIR
FR0014003XT0p;NFL Biosciences;ALNFL
FR0014004339p;E Pango;ALAGO
FR0014004362p;Entech;ALESE
FR00140043Y1p;Spartoo;ALSPT
FR00140048X2p;Ikonisys;ALIKO
FR0014004974p;Enogia;ALENO
FR0014004EC4p;Precia;ALPM
FR0014004QR6p;Calibre;ALIBR
FR00140059B5p;Audacia;ALAUD
FR0014005AC9p;Afyren;ALAFY
FR0014005I80p;Smaio;ALSMA
FR0014005ZM5p;Grolleau;ALGRO
FR00140062B9p;Toosla;ALTOO
FR00140066X4p;Metavisio;ALTHO
FR0014007LQ2p;Hunyvers;ALHUN
FR0014007LW0p;CBI;ALCBI
FR0014007ND6p;Haffner Energy;ALHAF
FR0014007T10p;Vaziva;ALVAZ
FR001400A3Q3p;Icape Holding;ALICA
FR001400AEM6p;Fill Up Media;ALFUM
FR001400AJ60p;Charwood Energy;ALCWE
FR001400AJZ7p;Broadpeak;ALBPK
FR001400AXT1p;Vinpai;ALVIN
FR001400CM63p;Oncodesign PM;ALOPM
FR001400DIY6p;Cabasse;ALCAB
FR001400F2Z1p;Lepermislibre;ALLPL
FR001400GO75p;Florentaise;ALFLO
FR001400H2X4p;Tonner Drones;ALTD
FR001400H3A0p;Mon Courtier Energie;ALMCE
FR001400IUV6p;Osmosun;ALWTR
FR001400IV58p;Aventador;ALAVE
FR001400JXA2p;Vergnet;ALVER
FR001400KO61p;Archos;ALJXR
FR001400LO86p;DBT;ALDBT
FR001400M1R1p;Geci Intl;ALGEC
FR001400MDW2p;Stif;ALSTI
FR001400N2P2p;Spineway;ALSPW
FR001400OLP5p;Biophytis;ALBPS
FR001400OS22p;Boostheat;ALBOO
FR001400RF99p;Netmedia Group;ALNMG
FR001400SP13p;Dolfines;ALDOL
FR001400SVN0p;Drone Volt;ALDRV
FR001400TL40p;Louis Hachette Group;ALHG
FR001400U4P9p;Odyssee Techno;ALODY
FR001400UT31p;Adomos;ALADO
FR001400ZU25p;Safe;ALSAF
FR0014010856p;Neovacs;ALNEV
FR0014010H01p;Semco Technologies;ALSEM
FR0014010QE1p;Hopium;ALHPI
FR0014011O84p;Acheter-Louer;ALALO
FR0014011QJ8p;Europlasma;ALEUP
FR0014013HG9p;Lucibel;ALUCI
FR0014014ZV8p;Tractial;ALTRA
GB00BM9PTW47p;Rapid Nutrition;ALRPD
GB00BMDXQ672p;Hamilton Global Opportunities;ALHGO
GB00BNKGZC51p;Ama Corporation;ALAMA
IT0005351504p;Ediliziacrobatica;ALEAC
IT0005353484p;Seif SPA;ALSEI
IT0005380602p;Sipario Movies;ALIE
IT0005450819p;Mexedia;ALMEX
IT0005460081p;Rebirth;ALREB
IT0005466963p;Racing Force;ALRFG
IT0005507857p;Tatatu;ALTTU
IT0005678104p;Kaleon;ALKLN
NL0015000YE1p;TME Pharma N.V.;ALTME
NL0015001HZ9p;Pet Service;ALPET
BE0948608451p;Photonike;MLPHO
BE0974328602p;Metrics in Balance;MLMIB
BE6252013725p;Condor Technologies;MLMFI
BE6333353298p;Bonyf NV;MLBON
CH0120879058p;Firstcaution;MLFIR
CH1148983609p;Bebo Health;MLBBO
DE000A0XYM45p;Ecolutions;MLECO
DE000A11Q133p;HK;MLHK
ES0105362000p;Barings Core Spain Socimi;MLBAR
ES0105399002p;Grupo Whiteni;MLGWH
ES0105417002p;Iposa Properties Socimi;MLIPO
ES0105447009p;Maq Admon. Urbanas;MLMAQ
ES0105473005p;Inmosupa;MLISP
ES0105478004p;Agp Malaga Socimi;MLAGP
ES0105479002p;Iante Investments;MLINT
ES0105486007p;Aroca Del Pinar;MLARO
ES0105490009p;Orbis Properties;MLORB
ES0105492005p;Vref Seville;MLVRF
ES0105498002p;Healthcare Activos Yield Socimi;MLHAY
ES0105511002p;Inmark Prime Socimi;MLINM
ES0105534004p;Orinoquia;MLORQ
ES0105537007p;Global Pielago Socimi;MLNDG
ES0105549002p;Montepino Logistica Socimi;MLMTP
ES0105550000p;Res Gestae Socimi;MLJDL
ES0105551008p;Igis Neptune Barcelona Holdco;MLABC
ES0105553004p;Faifey Invest Socimi;MLECE
ES0105559001p;Meridia Re IV Socimi;MLMIV
ES0105586004p;Eurolog Canola Socimi;MLCAN
ES0105590006p;Impulse Fitness;MLIFS
ES0105592002p;Scientia School;MLSCI
ES0105601001p;Arimelia Itg Socimi;MLARI
ES0105612008p;Perseida Renta;MLPER
ES0105623005p;Vandor Real Estate Socimi;MLVRE
ES0105636007p;Jungle21;MLJ21
ES0105639001p;Embention Sistemas Inteligentes;MLUAV
ES0105651006p;Sagax Real Estate Socimi;MLSAG
ES0105658001p;Apodaca Inversiones Inmobilarias;MLASO
ES0105660007p;Core Spain Holdco Socimi;MLCOE
ES0105661005p;Aref Thalassa Socimi;MLARE
ES0105664009p;Hoteles Bestprice;MLHBP
ES0105697009p;Mutter Ventures;MLMUT
ES0105698007p;Ok Properties I Socimi;MLOKP
ES0105708004p;Astickso XXI Socimi;MLAST
ES0105719001p;Nortem Biogroup;MLBIO
ES0105726006p;Elix;MLERH
ES0105740007p;Wellness;MLWRS
ES0105744009p;Andino Inversiones Global;MLAIG
ES0105748000p;Urcolesa;MLURC
ES0105807004p;Genesis;MLGNS
ES0105851002p;Student Property;MLSPI
ES0105908000p;Immolecule Nanotech;MLINA
ES0105910006p;Saja Real Estate;MLSJA
ES0105962007p;Vicso;MLVIC
ES0105964003p;Es Vedra;MLESV
FR0000030769p;Placoplatre;MLPLC
FR0000031106p;Troc Ile;MLTRO
FR0000037871p;Ch.Fer Departement;MLCFD
FR0000051302p;Hoche Bains L.Bain;MLHBB
FR0000052755p;Editions Du Signe;MLEDS
FR0000052920p;Dynafond;MLDYN
FR0000053415p;G.A.I.;MLGAI
FR0000053738p;Hotelim;MLHOT
FR0000054371p;Speed Rabbit Pizza;MLSRP
FR0000060428p;Cie Du Mont Blanc;MLCMB
FR0000061376p;Prop. Immeubles;MLPRI
FR0000063976p;Streit Mecanique;MLSTR
FR0000064735p;Hydraulique PB;MLHYD
FR0000065773p;Imprimerie Chirat;MLIMP
FR0000076960p;Groupe Carnivor;MLGRC
FR0000077828p;Consort Nt;MLCNT
FR0000077885p;Damaris;MLDAM
FR0000077992p;Pacte Novation;MLPAC
FR0000079691p;Ids;MLIDS
FR0000185464p;Novatech Ind.;MLNOV
FR0000185480p;Phone Web;MLPHW
FR0004070795p;Ardoin St Amand B;ARDO
FR0004155208p;Locasystem Intl;MLLOI
FR0004174712p;Onlineformapro;MLONL
FR0004998318p;Courbet Heritage;MLCOU
FR0005057635p;Ardoin St Amand A;MLARD
FR0005843125p;Hydro-Exploit.;MLHYE
FR0006174496p;Verney Carron;MLVER
FR0006205019p;Lombard et Medot;MLCAC
FR0006226791p;Hot.Majestic Canne;MLHMC
FR0006563904p;Hotl.Immob.Nice;MLHIN
FR0006823092p;Part.Indles Mini.;MLHOP
FR0006859039p;Imm.Paris.Perle;MLIPP
FR0007200100p;Eaux De Royan;MLEDR
FR0010035816p;Corep Lighting;MLCOR
FR0010086371p;Imalliance;MLIML
FR0010106039p;Body One;MLONE
FR0010312181p;Hopening;MLHPE
FR0010328302p;Made;MLMAD
FR0010447086p;Cheops Technology;MLCHE
FR0010487272p;Finaxo Environnement;MLFXO
FR0010492181p;Metalliance;MLETA
FR0010500363p;Miguet et Associes;MLNMA
FR0010529719p;Groupe Plus-Values;MLPVG
FR0010536185p;Eavs;MLEAV
FR0010688465p;Weaccess Group;MLWEA
FR0010768770p;Weya;MLWEY
FR0010823724p;France Tourisme;MLFTI
FR0010827741p;Magillem Design Services;MLMGL
FR0010882886p;Eduform'Action;MLEFA
FR0010959684p;Colipays;MLCLP
FR0010972091p;Scemi;MLCMI
FR0010979377p;Activium Group;MLACT
FR0011076595p;Televista;MLVST
FR0011092089p;Maison Clio Blue;MLCLI
FR0011100759p;Galeo;MLGAL
FR0011131788p;Smalto;MLSML
FR0011158823p;Infoclip;MLIFC
FR0011605617p;Fonciere Vindi;MLVIN
FR0011776889p;Umalis Group;MLUMG
FR0011908045p;AG3I;MLAGI
FR0012300424p;FD;MLFDV
FR0012336691p;Home Concept France;MLHCF
FR0012968485p;Ashler et Manson;MLAEM
FR0013155975p;Savonnerie Nyons;MLSDN
FR0013230067p;FNP Technologies;MLFNP
FR0013253812p;Alveen;MLALV
FR0013310281p;Octopus Biosafety;MLOCT
FR0013340973p;Blue Shark Power System;MLBSP
FR0013371507p;Coretech 5;MLCOT
FR0013406881p;CMG CLEANTECH;MLCMG
FR00140007I9p;Constructeurs du bois;MLLCB
FR0014003FN0p;Integritas Viager;MLVIE
FR0014003I41p;VERSITY;MLVSY
FR0014005WE9p;Agence Auto;MLAA
FR001400LBS6p;Smart Good Things;MLSGT
FR001400NQB6p;macompta.fr;MLMCA
FR001400QW73p;Imeon Energy;MLIME
FR001400UBS7p;Bio Inox;MLNOX
FR001400WXE7p;Preatoni Group;MLPRG
FR0014010DV3p;Odiot Holding;MLODT
FR0014011SJ4p;Prelude;MLPRE
GB00B8GJBS16p;Sumo Resources;MLSUM
GB00BJ9M4V82p;Ucapital Global Plc;MLALE
GRS528003007p;The Azur Selection;MLAZR
HK0000038783p;Easson Holdings;MLEAS
IT0004812258p;AZ Leasing;MLAZL
IT0005072811p;Semplicemente Spa;MLVRE
IT0005324105p;Media Lab;MLLAB
IT0005336521p;Italy Innovazioni;MLITN
IT0005391161p;Innovative Rfk;MLIRF
IT0005454167p;Glass to Power Class A;MLGL
LU0881232630p;Dynex Energy;MLDYX
MC0010000826p;Cfm Indosuez Wealth;MLCFM
NL0010273694p;Amatheon Agri;MLAAH
NL0010623518p;Sequa Petroleum;MLSEQ
NL0012650535p;Parx Materials NV;MLPRX
PTAZR0AM0006p;Azorean Aquatic Technologies SA;MLAAT
PTGVE1AE0009p;Gentlemen’s Equity SA;MLGEQ
ZM0000000037p;ZCCM;MLZAM
